1,-0.65968204,-0.65968204,-0.65968204,-0.65968204,-0.65968204,-0.65968204,-0.65968204,-0.41206014,-0.04439024,0.32474816,2.8039043,1.7201071,3.7429953,0.9786487,3.3012283,3.4642906,3.0393498,2.465665,1.2211921,0.2745752,0.09480913,-0.028053444,-0.39859912,-0.3689848
0,-0.4957633,-0.65968204,-0.65968204,-0.65968204,-0.65968204,-0.65968204,-0.65968204,-0.65968204,-0.65968204,-0.5537681,0.08300013,-0.15991041,0.6290899,1.1218863,1.1447701,0.26117533,1.4834987,0.22219954,-0.023464454,0.42717442,-0.16248024,-0.65968204,0.00468139,-0.65968204
1,-0.65968204,-0.65968204,-0.65968204,-0.65968204,-0.65968204,-0.65968204,-0.60186076,-0.355279,-0.63698184,0.03129748,-0.60143244,0.6080418,1.1599443,0.40214914,3.1974561,1.1507052,1.250317,0.2905449,0.8346156,-0.65968204,-0.65968204,0.019672072,-0.3226666,-0.65968204
1,-0.49735418,-0.43598408,-0.65968204,-0.65968204,-0.65968204,-0.65968204,-0.65968204,-0.4266837,-0.09456318,0.19130032,0.18169399,0.9878878,2.3201635,1.4278802,3.13474,3.4530325,4.6342993,3.0644367,2.8745747,0.7452832,0.27665552,-0.65968204,-0.65968204,0.059932824
0,-0.65968204,-0.65968204,-0.65968204,-0.65968204,-0.65968204,-0.65968204,-0.65968204,-0.65968204,-0.65105474,-0.51987076,-0.3284793,-0.65968204,0.31489712,-0.34830374,3.115313e-05,-0.2862606,-0.5054308,-0.1020891,-0.19380775,-0.33141625,-0.33765727,-0.65968204,0.10735238,-0.65968204
0,-0.65968204,-0.65968204,-0.65968204,-0.65968204,-0.65968204,-0.2812433,-0.65968204,-0.65968204,-0.4888492,-0.38097736,-0.49741533,0.19527741,-0.39235806,-0.2571358,0.4899518,1.5177633,0.9238867,-0.0066993097,-0.26343805,0.062992156,-0.3729619,-0.5147923,-0.32058626,-0.65968204
0,-0.65968204,-0.65968204,-0.65968204,-0.65968204,-0.65968204,-0.65968204,-0.65968204,-0.65968204,-0.65968204,-0.65968204,-0.35735935,0.6391857,-0.41542536,1.1781167,0.3595633,0.23743494,1.7892478,1.4656935,0.12809461,0.9380208,-0.14424667,-0.5252552,-0.4876867,-0.4844438
0,-0.65968204,-0.4567263,-0.3284793,-0.65968204,-0.65968204,-0.65968204,-0.65968204,-0.1191602,-0.3003335,-0.65968204,-0.12907238,0.5810585,0.06072828,1.3367735,1.7591441,1.8999342,1.437303,1.426534,-0.24912037,-0.12766512,-0.36831173,-0.5609881,-0.26148003,-0.65968204
0,-0.65968204,-0.65968204,-0.65968204,-0.65968204,-0.65968204,-0.46021396,-0.65968204,-0.65968204,-0.65968204,-0.65968204,0.22587077,0.9456691,1.0165843,0.11481715,2.108458,2.3957899,1.1761589,1.3909848,2.7630317,3.1652107,1.3840706,1.1218863,0.44051304,-0.36170357
1,-0.38470975,-0.41101998,-0.65968204,-0.65968204,-0.65968204,-0.65968204,-0.65968204,-0.4153642,-0.59017414,0.060055178,-0.091136746,0.9300054,1.1165631,3.0929494,2.3273222,3.7958605,2.8412278,2.8437366,2.9349656,1.8731346,1.295901,0.6988426,-0.65968204,-0.65968204
0,-0.65968204,-0.65968204,-0.65968204,-0.65968204,-0.65968204,-0.65968204,-0.65968204,-0.65968204,-0.5824034,-0.29568332,-0.07180178,-0.477958,-0.65968204,-0.11261324,-0.15446481,0.046104655,0.42393154,-0.49655873,-0.65968204,0.28008196,-0.65968204,-0.10704524,-0.6451196,-0.65968204
1,-0.65968204,-0.65968204,-0.65968204,-0.65968204,-0.65968204,-0.65968204,-0.65968204,-0.65968204,-0.5855852,-0.40930676,-0.6056543,0.49209324,0.6869112,1.4379759,0.7556237,2.4697645,1.1853979,0.56827056,0.24306409,-0.101416044,-0.32817337,-0.26955667,-0.65968204,-0.65968204
0,-0.65968204,-0.65968204,-0.65968204,-0.5295994,-0.65968204,-0.65968204,-0.65968204,-0.65968204,-0.3959069,-0.46926954,0.031052772,0.78119975,0.9478719,1.0599655,3.4980657,0.50225025,2.2382958,1.8622434,1.1500323,0.9122001,0.7787522,0.7560521,-0.040657856,0.20512846
0,0.05717945,-0.65839714,-0.65968204,-0.65968204,-0.65968204,-0.65968204,-0.65968204,-0.65968204,-0.65968204,-0.28589347,-0.65968204,-0.4097962,-0.65968204,-0.35534018,-0.12907238,0.019672072,0.16670331,-0.1712299,-0.43959406,-0.53247523,-0.65968204,-0.65968204,-0.65968204,-0.65968204
0,-0.65968204,-0.65968204,-0.65968204,-0.65968204,-0.65968204,-0.65968204,-0.65968204,-0.65968204,-0.65968204,-0.65968204,-0.39921096,-0.65968204,-0.0916874,-0.65968204,-0.65968204,-0.5112435,-0.12607425,-0.65968204,-0.47373617,-0.47398087,-0.65968204,-0.65968204,-0.65968204,-0.65968204
1,-0.54881203,-0.65968204,-0.4699426,-0.3144064,-0.65968204,-0.65968204,-0.08642536,-0.65968204,-0.3603575,0.8894999,1.1229877,0.5610506,1.6763587,1.0963104,2.2932413,2.1211236,3.4108748,1.0454644,3.1268466,0.7218488,1.4313679,-0.4821187,0.07871709,-0.48591226
0,-0.23327304,-0.65968204,-0.65968204,-0.65968204,-0.65968204,-0.65968204,-0.65968204,-0.65968204,-0.470738,-0.65968204,-0.1940525,-0.31685388,-0.37192175,-0.08263182,0.8201756,-0.064398214,-0.1422275,-0.46590427,-0.65968204,-0.65968204,-0.23113152,-0.65968204,-0.5163832,-0.65968204
0,-0.65968204,-0.65968204,-0.65968204,-0.65968204,-0.65968204,-0.65968204,-0.65968204,-0.06782465,-0.65968204,-0.65968204,0.20592391,-0.4135898,0.7088772,0.92199,-0.031663425,-0.1527516,0.60993856,-0.10239505,-0.30528963,0.43341547,0.40508607,-0.42894763,-0.3771838,-0.65968204
1,-0.65968204,-0.65968204,-0.65968204,-0.65968204,-0.65968204,-0.65968204,-0.65968204,-0.2736562,-0.5880326,-0.48052788,0.10894325,0.6084089,0.44277692,0.7030645,1.593818,0.8931711,2.2047656,-0.020894585,0.37706265,-0.65968204,-0.65968204,-0.5125284,-0.5654548,-0.65968204
0,-0.65968204,-0.65968204,-0.65968204,-0.65968204,-0.65968204,-0.65968204,-0.65968204,-0.65968204,-0.65968204,-0.50922436,-0.46370158,-0.096276395,-0.147306,0.2281958,0.3527716,-0.16113417,0.3060251,0.47153467,-0.65968204,-0.25358698,-0.65968204,-0.2766543,-0.65968204,-0.6321481
0,-0.65968204,-0.4766731,-0.65968204,-0.65968204,-0.65968204,-0.5836883,-0.65968204,-0.65968204,-0.6227865,-0.64958626,0.7047777,0.20690292,0.76039624,1.1544375,0.49074724,1.3706708,1.9110702,2.9627445,1.5908811,0.5663126,1.3083218,-0.44455016,-0.22776629,-0.65968204
1,-0.65968204,-0.65968204,-0.65968204,-0.65968204,-0.65968204,-0.65968204,-0.3666597,-0.65968204,-0.25016055,-0.33618882,-0.4190966,-0.060910583,-0.4553802,1.5099313,-0.012634411,-0.3407166,0.62138045,-0.44002238,-0.65968204,-0.65968204,-0.3025362,-0.28375196,-0.65968204,-0.65968204
1,-0.65968204,-0.65968204,-0.65968204,-0.65968204,-0.65968204,-0.65968204,-0.65968204,-0.65968204,-0.56502646,0.06684694,0.26313326,1.6451535,2.0662394,2.6308684,2.6085355,2.7591157,3.352931,2.020533,0.38611823,1.3149911,0.42405385,0.36916953,-0.65968204,-0.31966844
0,-0.65968204,-0.65968204,-0.65968204,-0.65968204,-0.28931993,-0.65968204,-0.65968204,-0.65968204,-0.65968204,-0.65968204,-0.5847897,0.27231124,0.22593184,-0.16088937,1.1788511,0.5037799,-0.31556895,1.5007534,0.4932559,-0.48554516,0.23939295,-0.6568063,-0.03857749,-0.65968204
1,-0.49319348,-0.47061566,-0.65968204,-0.1695167,-0.65968204,-0.65968204,-0.65968204,-0.62553996,-0.33686185,0.6927851,0.21240968,1.0198884,4.767564,4.6186967,5.516487,6.593064,4.701972,4.4224715,1.7202907,2.5415976,0.97197944,-0.05026414,0.11132947,-0.34738594
1,-0.65968204,-0.65968204,-0.65968204,-0.65968204,-0.65968204,-0.65968204,-0.65968204,-0.41928014,-0.4367795,0.028176999,0.15562856,1.0346344,0.5364535,0.70673573,1.351703,0.70557314,-0.14926396,0.9964539,0.5037799,-0.3539941,-0.14999817,-0.49374413,-0.21075639,-0.65968204
1,-0.65968204,-0.65968204,-0.28797382,-0.44045067,-0.65968204,-0.65968204,-0.5053696,-0.17526823,-0.26557952,-0.22121933,3.0119383,3.5908856,2.9003341,1.4306949,2.7265644,2.4353776,2.0465984,2.915386,2.105215,2.076029,0.43616885,1.2962068,0.7731842,-0.65968204
0,-0.65968204,-0.65968204,-0.65968204,-0.65968204,-0.65968204,-0.65968204,-0.65968204,-0.65968204,0.33839273,-0.65968204,0.1596669,0.18487571,-0.2689448,0.24606226,1.7842916,0.67773324,0.9226019,-0.06341925,-0.65968204,0.6681882,0.43170217,-0.65968204,-0.45929614,-0.65968204
0,-0.65968204,-0.65968204,-0.65968204,-0.65968204,-0.65968204,-0.65968204,-0.65968204,-0.65968204,-0.13200931,-0.570778,-0.02652378,-0.21051164,-0.42399147,-0.19080962,0.08189877,-0.05375177,-0.18652654,-0.47508222,-0.120016806,-0.37908056,-0.2571358,-0.65968204,-0.65968204,-0.65968204
0,-0.5040235,-0.65968204,-0.65968204,-0.65968204,-0.65968204,-0.65968204,-0.65968204,-0.65968204,-0.65968204,-0.65968204,-0.22225949,0.23131628,-0.13904582,-0.27640957,0.12784982,-0.25187376,-0.159115,0.19387014,-0.48517802,0.39817196,0.1829177,-0.42301252,-0.65968204,-0.65968204
0,-0.65968204,-0.65968204,-0.65968204,-0.65968204,-0.65968204,-0.65968204,-0.65968204,-0.4334754,-0.62774265,-0.65968204,-0.498945,0.6754693,-0.0037623355,-0.030317316,1.0119343,0.81289434,1.1473399,1.4938393,0.11071766,0.13415211,-0.65968204,-0.586197,-0.42686725,-0.65968204
0,-0.37137106,-0.65968204,-0.642305,-0.5604375,-0.65968204,-0.5652712,-0.35332105,-0.65968204,-0.65968204,-0.32646015,-0.08318248,-0.31868947,-0.4670056,-0.12913358,0.35613677,1.5495191,0.89255923,-0.20280217,0.5888904,0.64279574,0.54648817,-0.17557414,-0.035824113,-0.6346567
0,-0.65968204,-0.65968204,-0.65968204,-0.65968204,-0.65968204,-0.65968204,-0.65968204,-0.65968204,-0.65968204,-0.65968204,-0.65968204,-0.091932155,-0.04904038,0.28693482,-0.292624,-0.47648954,-0.65968204,-0.14345126,-0.65968204,-0.32676607,-0.36464053,-0.5958645,-0.65968204,-0.65968204
0,-0.65968204,-0.65968204,-0.65968204,-0.65968204,-0.65968204,-0.65968204,-0.65968204,-0.37877464,-0.55015814,-0.65968204,-0.23382375,-0.18475217,-0.3757765,0.3500181,0.05925977,-0.65968204,-0.3157525,-0.65968204,-0.06947671,-0.65968204,-0.65968204,-0.65968204,-0.65968204,-0.48823735
1,-0.65968204,-0.65968204,-0.012817964,-0.65968204,-0.65968204,-0.65968204,-0.65968204,-0.5840555,0.28161162,0.6021067,0.7285181,3.2760808,2.2318711,2.9394326,2.36948,2.019248,3.8004494,1.5511712,1.6206177,0.793743,1.3348155,1.3520702,-0.17520703,-0.5502805
0,-0.65968204,-0.65968204,-0.65968204,-0.65968204,-0.65968204,-0.65968204,-0.65968204,-0.65968204,-0.65968204,-0.5530339,-0.65968204,-0.06482652,-0.14632699,0.008964429,-0.4030657,0.1940537,0.58583105,-0.4224618,-0.015326634,-0.40514606,-0.65968204,-0.65968204,-0.65968204,-0.13427328
0,-0.65968204,-0.65968204,-0.65968204,-0.65968204,-0.65968204,-0.65968204,-0.65968204,-0.65968204,-0.45788884,-0.65968204,-0.49135786,0.49723297,0.1266261,0.93202466,0.5688212,1.876561,1.1812373,-0.17355497,0.12081341,0.23608883,-0.27071923,0.5100821,0.07051807,-0.65968204
0,-0.65968204,-0.65968204,-0.65968204,-0.65968204,-0.65968204,-0.65968204,-0.65968204,-0.65968204,-0.33141625,-0.65968204,-0.4099186,-0.32236063,-0.55015814,-0.13476273,0.25187495,-0.16101177,-0.3287852,0.9056532,0.21424529,-0.100069985,0.31189904,-0.65968204,-0.65968204,-0.5449573
1,-0.65968204,-0.65968204,-0.65968204,-0.65968204,-0.65968204,-0.65968204,-0.65968204,-0.65968204,-0.3107964,-0.5855852,0.3781028,-0.104475416,0.32089338,0.6865441,2.3420072,0.8641687,1.2069356,0.6570522,0.4257059,-0.007984221,-0.12289258,-0.20053825,-0.48493326,-0.65968204
0,-0.20690165,-0.65968204,-0.65968204,-0.65968204,-0.65968204,-0.65968204,-0.65968204,-0.4797936,-0.65968204,-0.54183674,-0.48279175,-0.26129648,-0.37045327,0.72735554,-0.23455796,0.66775984,0.23143868,1.0085078,0.5387786,0.12656495,0.19686824,-0.43457678,-0.65968204,-0.65968204
0,-0.65968204,-0.65968204,-0.65968204,-0.65968204,-0.65968204,-0.65968204,-0.65968204,-0.65968204,-0.6158113,-0.47214532,-0.65968204,-0.5344332,-0.49466196,-0.4194637,0.03980245,0.14100498,0.73800194,-0.5625178,-0.65968204,-0.5551754,-0.1417992,-0.65968204,-0.65968204,-0.65968204
0,-0.5666173,-0.65968204,-0.65968204,-0.65968204,-0.65968204,-0.65968204,-0.36262137,-0.65968204,-0.05840196,-0.15727939,0.70398223,1.1488695,1.782089,2.9921749,3.4571931,2.2487588,1.8948557,2.8833241,1.4644085,0.93936694,0.26031873,0.623522,-0.5751834,-0.65968204
0,-0.5727971,-0.65968204,-0.53119034,-0.65968204,-0.65968204,-0.65968204,-0.65968204,-0.4648641,-0.65968204,0.6899094,1.737484,2.0246937,2.20036,3.0559928,2.3266492,3.8322666,3.154809,3.1250722,2.0260398,1.4826422,2.2033584,0.8781804,0.14173919,-0.2908496
0,-0.65968204,-0.65968204,-0.65968204,-0.65968204,-0.65968204,-0.65968204,-0.65968204,-0.65968204,-0.65968204,-0.65968204,-0.33594406,-0.3771226,-0.65968204,-0.049897034,-0.65968204,-0.3166091,-0.1690884,-0.65968204,-0.43537217,-0.34652933,-0.39498907,-0.65968204,-0.4148135,-0.65968204
1,-0.65968204,-0.22366676,-0.65968204,-0.65968204,-0.65968204,-0.65968204,-0.45036292,-0.65968204,-0.3539941,-0.65968204,-0.65968204,-0.31764928,0.39278752,0.033377845,-0.3111635,0.014348873,1.0603327,-0.24587749,-0.047510717,0.47624597,0.0058439486,-0.58509564,-0.4331083,-0.16749753
0,-0.65968204,-0.65968204,-0.65968204,-0.65968204,-0.65968204,-0.65968204,-0.65968204,-0.65968204,-0.65968204,-0.5901129,-0.5284981,-0.29409248,0.22538118,-0.37730616,-0.65968204,-0.056933448,-0.24092135,-0.43659595,-0.46143767,-0.65968204,-0.65968204,-0.4715946,-0.21601844,-0.51730096
0,-0.65968204,-0.65968204,-0.65968204,-0.65968204,-0.65968204,-0.5092855,-0.65968204,-0.65968204,-0.65968204,-0.4380032,0.14596108,1.2284733,1.7281837,1.1531527,0.73280114,2.7124302,1.7716873,2.147495,1.8252867,-0.032581232,-0.13776086,0.29715306,-0.41634315,-0.1534246
0,-0.22684848,-0.46822938,-0.65968204,-0.65968204,-0.65968204,-0.65968204,-0.65968204,-0.65968204,-0.65968204,-0.36427343,0.08189877,0.7921521,1.6047704,2.1544092,1.641972,2.5376816,1.6142545,1.3997344,1.5432168,0.656318,0.86331207,1.4497851,-0.3407778,-0.5310679
0,-0.65968204,-0.65968204,-0.65968204,-0.65968204,-0.65968204,-0.65968204,-0.65968204,-0.65968204,-0.65968204,-0.55077,-0.46474174,-0.22140288,-0.65968204,0.9120778,0.5109387,1.4150922,0.755379,0.30633104,0.15159023,2.5530393,0.018570758,0.46192834,-0.09535863,-0.65968204
0,-0.65968204,-0.65968204,-0.65968204,-0.65968204,-0.65968204,-0.65968204,-0.65968204,-0.65968204,-0.34873205,-0.65968204,-0.2971518,-0.65968204,0.3924204,-0.5401235,0.2640511,-0.07853234,-0.18279415,1.487476,-0.13200936,0.1726384,0.31110358,-0.14418547,-0.3789582,-0.65968204
0,-0.65968204,-0.65968204,-0.65968204,-0.65968204,-0.65968204,-0.65968204,-0.65968204,-0.65968204,-0.65968204,-0.65968204,-0.08097976,-0.25597325,-0.31189775,0.27812403,0.25719824,-0.38709602,-0.569799,0.14798024,-0.19074842,-0.65968204,-0.60161597,-0.34879324,-0.4906848,-0.2631321
0,-0.65968204,-0.65968204,-0.65968204,-0.65968204,-0.65968204,-0.65968204,-0.65968204,-0.65968204,-0.65968204,-0.47520462,0.35840073,0.18775149,0.15220213,0.90626496,1.2924744,-0.29029888,-0.42772385,-0.062379096,0.24557276,-0.5752446,-0.1690272,-0.4324964,-0.39370418,-0.5484449
0,-0.5199932,-0.65968204,-0.65968204,-0.65968204,-0.65968204,-0.65968204,-0.65968204,-0.65968204,-0.65968204,-0.5258059,-0.505492,-0.37602124,-0.65968204,-0.35711458,0.033439044,0.15342584,-0.65968204,-0.049835835,-0.48689124,-0.018691866,-0.65968204,-0.65968204,-0.65968204,-0.65968204
0,-0.65968204,-0.65968204,-0.64946383,-0.33141625,-0.65968204,-0.65968204,-0.65968204,-0.65968204,-0.65968204,-0.65968204,-0.65968204,0.10472136,-0.36543596,0.086977266,0.5468553,0.5436736,-0.32756153,0.105149664,0.6569298,-0.39584568,-0.5759789,-0.65968204,-0.39517263,-0.40514606
0,-0.65968204,-0.65968204,-0.65968204,-0.65968204,-0.65968204,-0.65968204,-0.65968204,-0.61758566,-0.60424703,-0.5323528,-0.53639114,-0.65968204,-0.5097138,-0.4485273,-0.13457918,0.56521124,-0.5893175,-0.34145087,-0.15532142,-0.5229913,-0.08361078,-0.54183674,-0.65968204,-0.65968204
1,-0.65968204,-0.65968204,-0.65968204,-0.65968204,-0.4084501,-0.65968204,-0.65968204,-0.65968204,-0.65968204,0.04451379,0.7384303,2.2015226,2.0265293,3.1658838,2.2126586,3.445629,2.9721673,2.0691762,1.9831479,0.5203615,0.3561369,0.056873497,0.101539634,-0.3075535
0,-0.2666809,-0.65968204,-0.65968204,-0.65968204,-0.65968204,-0.65968204,-0.65968204,-0.65968204,-0.27206534,-0.65968204,-0.65968204,-0.18652654,1.3342036,-0.27133107,0.8603139,0.69731295,-0.19686706,1.4598808,0.1774721,-0.36886242,-0.00810662,-0.65968204,-0.65968204,-0.65968204
0,-0.65968204,-0.65968204,-0.65968204,-0.65968204,-0.65968204,-0.65968204,-0.65968204,-0.65968204,-0.65968204,-0.16468295,-0.24300173,-0.4240527,-0.398905,-0.08238702,0.6041258,0.9209499,0.43047845,0.9455468,0.34206396,-0.44228628,0.30406708,0.18212233,0.60192317,0.17545293
1,-0.6434064,-0.5019431,-0.65968204,-0.65968204,-0.65968204,-0.65968204,-0.65968204,-0.27114752,-0.4366571,0.11396054,0.9976777,2.6565669,1.8451111,2.5320525,3.4533384,3.513056,4.143094,3.0255828,0.27316785,2.3783517,0.7696355,2.31741,-0.29042128,-0.44791543
0,-0.65968204,-0.55468595,-0.65968204,-0.65968204,-0.65968204,-0.65968204,-0.65968204,-0.65968204,-0.65968204,-0.2122861,-0.16547836,1.0470552,1.5794393,1.0167679,1.472424,0.43641356,0.6930299,2.2461276,1.3734854,0.79459965,-0.3735126,0.3404119,0.18126573,-0.65968204
0,-0.65968204,-0.65968204,-0.65968204,-0.65968204,-0.65968204,-0.65968204,-0.65968204,-0.65968204,-0.5840555,-0.65968204,-0.65968204,-0.65968204,-0.42441982,-0.48328125,0.116346814,0.08189877,0.3073712,0.19172867,0.68727833,-0.5670456,-0.0048636952,-0.5947631,-0.65968204,-0.65968204
0,-0.65968204,-0.65968204,-0.65968204,-0.65968204,-0.65968204,-0.65968204,-0.65968204,-0.65968204,-0.65968204,-0.65968204,-0.5103869,-0.65968204,-0.27824515,-0.4517702,-0.38128328,-0.40575793,-0.45654273,-0.5568274,-0.45880663,-0.65968204,-0.65968204,-0.65968204,-0.38887042,-0.65968204
1,-0.65968204,-0.65968204,-0.65968204,-0.65968204,-0.65968204,-0.65968204,-0.65968204,-0.65968204,-0.65968204,-0.65968204,-0.015510187,0.94138616,-0.07014972,0.29911098,2.2291179,0.6622531,1.2473186,1.6499261,-0.34004357,0.2577489,-0.65968204,-0.65968204,0.110901214,-0.65968204
0,-0.65968204,-0.65968204,-0.65968204,-0.65968204,-0.65968204,-0.65968204,-0.65968204,-0.65968204,-0.65968204,-0.65968204,-0.65968204,-0.3744304,-0.2812433,-0.35013935,-0.3643958,-0.42564353,-0.5469764,-0.3752258,-0.65968204,-0.28387433,-0.65968204,-0.65968204,-0.38630056,-0.65968204
1,-0.65968204,-0.49931213,-0.4738585,-0.65968204,-0.65968204,-0.65968204,-0.6378385,-0.65968204,-0.43659595,-0.35882783,0.3108588,1.355007,0.9146475,1.8708708,3.2226038,2.057306,1.5929614,0.90742755,1.193903,0.78260696,-0.043044128,-0.25474954,-0.65968204,-0.65968204
0,-0.41548654,-0.65968204,-0.5021267,-0.65968204,-0.65968204,-0.65968204,-0.3545448,-0.44913915,-0.47373617,0.10472136,0.73218924,0.9993909,2.466032,0.728151,1.1844189,1.5491519,1.6372604,1.0606999,1.7432356,0.5715134,0.11396054,0.04818502,-0.16657977,-0.65968204
1,-0.65968204,-0.65968204,-0.65968204,-0.65968204,-0.65968204,-0.65968204,-0.65968204,-0.65968204,-0.39780366,-0.65968204,-0.08893403,0.86814576,2.1315866,1.7451323,3.480811,3.5284753,2.2712753,2.1142707,0.5505878,0.33355904,0.46082702,-0.65968204,-0.65968204,-0.65968204
0,-0.295255,-0.5295994,-0.65968204,-0.65968204,-0.65968204,-0.65968204,-0.65968204,-0.65968204,-0.65968204,-0.65968204,-0.30920556,-0.27420685,0.16872247,-0.65968204,-0.060849432,-0.57610124,0.39560214,-0.65968204,0.06476656,-0.3985379,0.11316513,-0.35552377,-0.50500244,-0.57383734
0,-0.65968204,-0.65968204,-0.65968204,-0.65968204,-0.65968204,-0.65968204,-0.65968204,-0.65968204,-0.65968204,-0.65968204,-0.65968204,-0.6051648,-0.51815754,-0.30993977,-0.21375456,-0.2663138,-0.17190295,-0.1767367,-0.5057979,-0.65968204,-0.65968204,-0.34383714,-0.65968204,-0.65968204
0,-0.65968204,-0.65968204,-0.65968204,-0.65968204,-0.65968204,-0.65968204,-0.40949032,-0.50218785,-0.65968204,-0.65968204,-0.5430605,-0.28607705,-0.45929614,0.008046621,-0.20286337,-0.0966435,0.6141605,0.23682313,-0.19172743,-0.110410474,-0.65968204,-0.51430285,-0.22470696,-0.65968204
0,-0.25835955,-0.3415732,-0.65968204,-0.65968204,-0.65968204,-0.319852,-0.65968204,-0.36831173,-0.32376793,0.24936639,0.6702074,2.8248298,1.9110702,1.940868,3.1502812,3.0419197,2.6199775,2.11372,2.474904,1.6364652,2.3363166,0.29219687,0.77728367,0.30431187
1,-0.141738,-0.65968204,-0.65968204,-0.65968204,-0.65968204,-0.65968204,-0.65968204,-0.65968204,-0.65968204,-0.46088696,-0.33967644,-0.24918157,0.7431417,-0.19986519,0.47948894,-0.17269842,-0.630802,-0.1195273,-0.65968204,-0.65968204,-0.65968204,-0.108085446,-0.65968204,-0.65968204
0,-0.65968204,-0.65968204,-0.50451297,-0.43402606,-0.65968204,-0.35209733,-0.65968204,-0.65968204,-0.55150425,-0.36959666,-0.2559121,-0.23700543,0.92535514,0.25572973,0.89623046,0.47379854,-0.27720496,0.21216497,0.328297,-0.10111014,-0.12038391,-0.65968204,-0.31697622,-0.39413247
1,-0.65955967,-0.37186056,-0.65968204,-0.65968204,-0.65968204,-0.65968204,-0.65968204,-0.65968204,-0.41432405,-0.16211313,-0.16327564,-0.15966566,1.2016735,0.59972054,2.089123,0.7108351,0.18854694,0.36268377,0.11114592,0.30406708,-0.57971126,-0.18499692,-0.65968204,-0.47924292
0,-0.65968204,-0.65968204,-0.65968204,-0.65968204,-0.65968204,-0.65968204,-0.65968204,-0.65968204,-0.65968204,-0.65968204,-0.45091358,-0.65968204,-0.4871972,-0.33111033,-0.65968204,-0.068008244,-0.43182334,-0.1307856,-0.05674985,-0.3712487,-0.65968204,0.13164344,-0.65968204,-0.482547
0,-0.65968204,-0.65968204,-0.65968204,-0.65968204,-0.65968204,-0.65968204,-0.65968204,-0.65968204,-0.65968204,-0.53957283,-0.077247374,0.23382495,0.5070228,0.52892756,0.37645075,0.47239128,0.5459374,0.80855006,1.0951477,0.053079963,0.0912603,0.17086394,-0.45201492,-0.3549119
0,-0.65968204,-0.65968204,-0.65968204,-0.65968204,-0.65968204,-0.65968204,-0.65968204,-0.65968204,-0.65968204,-0.38091615,0.5125296,0.29776496,1.751251,0.7005558,1.4185187,0.94365007,0.12827817,1.0567226,0.35185373,-0.27549174,0.87065446,-0.4275403,-0.44497848,-0.65968204
0,-0.45342225,-0.65968204,-0.65968204,-0.65968204,-0.65968204,-0.5536458,-0.65968204,-0.5308844,-0.65968204,-0.6090196,-0.39199096,-0.3197908,-0.26515126,-0.18046908,-0.20170076,0.21081886,0.6571134,0.11432765,-0.65968204,-0.5267237,-0.57157344,-0.28197753,-0.65968204,-0.65968204
0,-0.65968204,-0.65968204,-0.65968204,-0.65968204,-0.65968204,-0.65968204,-0.65968204,-0.65968204,-0.65968204,-0.48701364,-0.65968204,-0.6229701,-0.65968204,-0.46241662,-0.2593997,-0.6487908,-0.120812215,-0.3148959,-0.5147311,-0.65968204,-0.59274393,-0.5428769,-0.65968204,-0.65968204
0,-0.65968204,-0.363478,-0.65968204,-0.65968204,-0.65968204,-0.65968204,-0.65968204,-0.65968204,-0.65968204,0.058647912,-0.035151012,0.77612126,0.3637851,1.5994473,0.15256923,1.1931688,0.9369195,1.8471915,0.786523,0.22134285,-0.26429465,-0.5801396,-0.09847912,-0.65968204
0,-0.65968204,-0.65968204,-0.65968204,-0.65968204,-0.65968204,-0.65968204,-0.65968204,-0.65968204,-0.65968204,-0.65968204,-0.4880538,-0.65968204,0.051611453,0.070150964,0.059320968,0.11028931,-0.44999576,-0.29672348,0.24569516,-0.65968204,-0.35013935,-0.65968204,-0.65968204,-0.65968204
0,-0.65968204,-0.65968204,-0.65968204,-0.65968204,-0.65968204,-0.65968204,-0.65968204,-0.5273355,-0.54244864,-0.44179678,-0.30871606,-0.44607982,-0.29427603,-0.03649717,1.8500671,0.10111133,1.4253715,-0.17269842,-0.01801881,-0.43029368,-0.19178858,-0.65968204,-0.6346567,-0.65968204
0,-0.65968204,-0.65968204,-0.65968204,-0.65968204,-0.65968204,-0.65968204,-0.65968204,-0.65968204,-0.65968204,-0.65968204,-0.3529539,-0.018385962,-0.43745255,0.25548503,0.21228726,0.5257459,0.40771705,0.4067993,0.36298972,-0.44656932,-0.65968204,-0.65968204,-0.65968204,-0.291645
0,-0.65968204,-0.65968204,-0.42949829,-0.5753058,-0.65968204,-0.65968204,-0.65968204,-0.65968204,-0.34958866,-0.21234725,0.19631758,1.680397,1.5697716,2.595258,2.6577294,3.9792976,2.4026427,3.1531572,2.6409032,2.3856332,1.9967313,0.7269272,-0.24936512,-0.40196434
0,-0.65968204,-0.65968204,-0.27108634,-0.65968204,-0.65968204,-0.65968204,-0.65968204,-0.34414306,-0.65968204,-0.65968204,-0.09994763,-0.65968204,-0.18150929,0.32609427,-0.65968204,-0.18891281,0.58362836,-0.14002478,-0.56667846,-0.65968204,-0.0035176305,-0.65968204,-0.65968204,-0.65968204
0,-0.65968204,-0.65968204,-0.65968204,-0.65968204,-0.65968204,-0.65968204,-0.65968204,-0.65968204,-0.65968204,-0.5012089,-0.15103838,0.8336366,0.7685952,1.0577017,1.5755845,2.2756808,0.62939584,1.7956724,1.6196387,0.6741233,0.7362276,0.5228702,-0.19747892,-0.63147503
0,-0.65968204,-0.65968204,-0.65968204,-0.65968204,-0.65968204,-0.65968204,-0.65968204,-0.65968204,-0.65968204,-0.65968204,-0.65968204,-0.16719162,-0.15085478,-0.43837035,-0.41101998,0.07981845,-0.34830374,-0.65968204,0.012574411,-0.65968204,-0.30039468,-0.65968204,-0.65968204,-0.65968204
0,-0.65968204,-0.65968204,-0.65968204,-0.65968204,-0.65968204,-0.60498124,-0.65968204,-0.65968204,-0.65968204,-0.1712299,-0.42906997,-0.52623415,-0.35711458,0.20665812,-0.3826294,-0.43830916,-0.18040788,-0.020282729,-0.48780903,-0.44614103,-0.65968204,-0.65968204,-0.65968204,-0.65968204
0,-0.65968204,-0.65968204,-0.65968204,-0.65968204,-0.65968204,-0.65968204,-0.65968204,-0.65968204,-0.48627937,0.14583868,0.67412317,1.2215592,0.82170534,3.613035,2.8483865,2.5964818,2.3207753,2.3369896,2.2709694,2.8494883,2.995785,1.6411152,0.28791392,-0.51148826
0,-0.65968204,-0.65968204,-0.65968204,-0.65968204,-0.65968204,-0.65968204,-0.65968204,-0.65968204,-0.5336989,-0.35699224,-0.65968204,-0.06953791,0.38611823,-0.3920521,-0.5349227,0.26019633,-0.03974005,0.17887945,0.08612066,-0.17018975,-0.65968204,-0.65968204,-0.65968204,-0.65968204
0,-0.65968204,-0.65968204,-0.65968204,-0.65968204,-0.65968204,-0.65968204,-0.65968204,-0.65968204,-0.5779368,-0.4326188,-0.65968204,0.07125232,-0.65968204,1.0586196,0.2586055,1.2889867,1.2509899,0.29219696,0.20837134,-0.3653748,0.42491055,-0.49276513,-0.2011501,-0.65968204
0,-0.65968204,-0.65968204,-0.65968204,-0.65968204,-0.65968204,-0.65968204,-0.65968204,-0.65968204,-0.5858299,-0.52109456,-0.28705603,-0.5250717,0.15691343,1.3134614,0.11200253,0.40526962,0.31446886,0.40979746,0.116591565,-0.47722378,-0.4884821,-0.47587767,-0.65968204,-0.46461934
0,-0.65968204,-0.65968204,-0.65968204,-0.65968204,-0.65968204,-0.65968204,-0.65968204,-0.65968204,-0.31507945,-0.51564896,-0.65968204,-0.10661694,-0.18193755,-0.65968204,-0.1306632,-0.44822136,-0.65968204,-0.65968204,-0.25419888,-0.65968204,-0.43365896,-0.07706383,-0.65968204,-0.65968204
1,-0.65968204,-0.65968204,-0.65968204,-0.65968204,-0.65968204,-0.65968204,-0.65968204,-0.65968204,-0.65968204,-0.65968204,-0.6044306,0.6106116,2.1738665,1.0231313,0.42221832,0.6728995,0.63288355,0.8289252,0.32266784,-0.07565656,0.5473448,-0.35191375,-0.46113172,-0.65968204
0,-0.65968204,-0.45752174,-0.65968204,-0.5519326,-0.65968204,-0.65968204,-0.55285037,-0.65968204,0.18126573,-0.23155983,0.19662353,1.8329961,2.2664416,2.999089,4.855183,3.063274,3.4622102,2.4110253,1.2898434,0.28008196,2.451898,0.2338862,9.2399416e-05,-0.26925072
0,-0.65968204,-0.38813618,-0.6044918,-0.65968204,-0.55144304,-0.65968204,-0.65968204,-0.65968204,-0.65968204,-0.65968204,-0.48695242,0.2557909,0.15654632,1.5948582,2.3031535,2.1365426,1.4857626,1.221804,0.22654374,0.54281694,0.21344982,-0.59818953,0.4785711,-0.21020573
0,-0.65968204,-0.65968204,-0.65968204,-0.5190142,-0.65968204,-0.65968204,-0.65968204,-0.65968204,-0.3803655,-0.3889928,-0.14161564,-0.35870543,0.049102828,0.03093042,-0.0457975,0.6185659,-0.3721053,0.46743518,0.14198399,-0.16535601,0.579896,-0.23792328,-0.3558297,-0.5893175
0,-0.65968204,-0.65968204,-0.65968204,-0.65968204,-0.65968204,-0.65968204,-0.65968204,-0.36659852,-0.65968204,-0.33361897,0.066846885,0.54379594,0.49680462,0.6003935,2.385021,1.5331211,0.7701249,0.5545647,2.4795544,1.4193754,0.75372696,0.10129488,-0.65968204,-0.45073003
0,-0.65968204,-0.65968204,-0.5344332,-0.65968204,-0.65968204,-0.3498334,-0.65968204,-0.65968204,-0.65968204,-0.65068763,0.080491506,-0.5164443,-0.029521907,0.020222776,-0.25426003,-0.5423874,0.35791123,0.46003157,1.4872924,-0.2780004,0.31991446,0.07155823,-0.6443854,-0.65968204
0,-0.5630073,-0.65968204,-0.65968204,-0.65968204,-0.65240085,-0.31538537,-0.65968204,-0.51987076,-0.65968204,-0.40624744,-0.65968204,-0.42466453,-0.65968204,-0.65968204,0.12454579,-0.08752672,-0.5494239,-0.65968204,0.33514985,-0.12950069,-0.49025652,-0.65968204,-0.65968204,-0.24557154
0,-0.65968204,-0.65968204,-0.65968204,-0.65968204,-0.65968204,-0.65968204,-0.65968204,-0.65968204,-0.65968204,-0.65968204,-0.5348615,-0.17936772,0.24324773,-0.23981999,-0.41738337,-0.4303549,-0.65968204,-0.3343532,-0.4507912,-0.65968204,0.1440643,-0.42233947,-0.5280086,-0.65968204
0,-0.65968204,-0.65968204,-0.65968204,-0.65968204,-0.65968204,-0.65968204,-0.4784475,-0.65968204,-0.5942736,-0.65968204,-0.65968204,-0.21620204,-0.4801607,-0.49466196,-0.026707333,0.31758934,-0.05699465,-0.65968204,-0.65968204,-0.65968204,-0.40196434,-0.65968204,-0.49686468,-0.31183657
1,-0.65968204,-0.65968204,-0.65968204,-0.65968204,-0.65968204,-0.65968204,-0.65968204,-0.65968204,-0.65968204,-0.40104654,-0.35423884,0.3813457,0.061095383,1.1239668,0.19123916,0.17392337,0.3730243,1.2460338,-0.65968204,-0.477958,-0.44051188,-0.65968204,-0.65968204,-0.65968204
1,-0.65968204,-0.65968204,-0.65968204,-0.65968204,-0.65968204,-0.65968204,-0.65968204,-0.65968204,-0.65968204,-0.58509564,-0.32835695,1.100471,1.463185,1.8524536,2.395423,0.5288664,0.6252352,0.465416,-0.14112614,-0.069048405,-0.4194637,-0.65968204,-0.5913978,-0.41658792
0,-0.65968204,-0.65968204,-0.65968204,-0.65968204,-0.65968204,-0.31868947,-0.65968204,-0.65968204,-0.65968204,-0.65968204,-0.65968204,-0.65968204,-0.65968204,0.4864642,-0.6353298,-0.37094277,0.70808184,-0.3158137,-0.1885457,-0.16945554,-0.65968204,-0.08391673,-0.603268,-0.42607185
0,-0.65968204,-0.65968204,-0.65968204,-0.65968204,-0.65968204,-0.65968204,-0.65968204,-0.65968204,-0.22758274,0.38495567,0.19754139,0.3030269,3.085852,3.0172615,2.9602358,2.3787801,2.1983411,1.6163958,1.7139884,1.3211098,2.087104,0.17924656,0.2579936,-0.5248881
0,-0.65968204,-0.65968204,-0.65968204,-0.65968204,-0.65968204,-0.65968204,-0.65968204,-0.65968204,-0.31042928,-0.5540129,-0.47116628,-0.470738,-0.65968204,0.3141629,0.08777267,-0.42423624,-0.3602963,-0.15391411,0.04065906,-0.65968204,-0.45776647,-0.65968204,0.043901935,-0.65968204
0,-0.65968204,-0.65968204,-0.65968204,-0.65968204,-0.65968204,-0.30993977,-0.47685665,-0.5199932,-0.65968204,-0.29831433,1.4849674,1.7957336,3.6655333,0.86484176,2.249187,1.1097102,1.0903141,1.1668586,1.9872475,1.1910884,1.3162149,0.22073103,0.12503529,0.05925977
0,-0.65968204,-0.65968204,-0.65968204,-0.65968204,-0.65968204,-0.65968204,-0.65968204,-0.65968204,-0.65968204,-0.65968204,-0.65968204,-0.38831973,0.109493904,0.35919622,-0.36170357,-0.40141368,1.2886198,0.3977437,-0.3407166,-0.37461394,-0.277205,-0.37638834,-0.65968204,-0.65968204
0,-0.65968204,-0.65968204,-0.65968204,-0.65968204,-0.65968204,-0.65968204,-0.65968204,-0.65968204,-0.65968204,-0.65968204,-0.43616763,-0.33135504,-0.37002495,0.41340744,-0.65968204,0.2800208,-0.3194849,-0.32682726,-0.51222247,-0.5403071,-0.65968204,-0.37277836,-0.65968204,-0.65968204
0,-0.50016874,-0.65968204,-0.65968204,-0.65968204,-0.65968204,-0.65968204,-0.65968204,-0.41591486,1.6836399,1.6793568,2.737578,1.8336693,2.080924,3.2615182,3.3815055,1.7147226,4.1293883,3.444711,1.6419107,2.2068458,2.1033185,-0.019609673,-0.29935452,-0.65968204
0,-0.65968204,-0.65968204,-0.65968204,-0.65968204,-0.65968204,-0.65968204,-0.65968204,-0.65968204,-0.16394874,-0.65968204,-0.65968204,-0.65968204,-0.28546518,-0.2676599,-0.5581124,-0.20757471,-0.4730019,-0.14651054,-0.2820999,-0.65968204,-0.22409506,-0.6550931,-0.5752446,-0.65968204
0,-0.65968204,-0.65968204,-0.65968204,-0.65968204,-0.65968204,-0.65968204,-0.47367495,-0.65968204,-0.656072,-0.16841538,-0.112062536,-0.36763868,0.6092655,0.6402259,-0.025605973,0.89898384,-0.11004337,0.5614176,0.5748175,0.07608607,0.062747404,-0.33270115,-0.47508222,-0.58754313
0,-0.56631136,-0.59188735,-0.65968204,-0.65968204,-0.65968204,-0.65968204,-0.65968204,-0.65968204,-0.65968204,0.03900704,0.19282998,-0.27237123,1.6602666,1.131615,1.587577,0.30186436,2.569376,1.0787498,1.112892,1.233919,1.1861321,-0.18940231,-0.0112883,0.08997544
1,-0.44063422,-0.59996396,-0.65968204,-0.65968204,-0.65968204,-0.24942628,-0.65968204,-0.14026953,-0.36262137,2.4835925,3.2210128,3.1437955,2.908533,3.369207,2.8430634,3.0822418,2.709738,3.0146306,2.893359,0.47948885,1.7310596,0.89788246,0.550343,-0.033682592
1,-0.65968204,-0.65968204,-0.65968204,-0.65968204,-0.65968204,-0.65968204,-0.65968204,-0.65968204,-0.62798744,0.22256665,-0.21497828,0.12271022,1.186744,0.004130733,1.139447,1.4439722,1.6731158,-0.48065022,-0.4204427,-0.09101435,-0.19705062,-0.65968204,-0.65968204,-0.65968204
0,-0.65968204,-0.65968204,-0.65968204,-0.65968204,-0.65968204,-0.65968204,-0.65968204,-0.65968204,-0.65968204,-0.60779583,-0.65968204,-0.15887025,-0.65968204,-0.41683266,-0.65968204,-0.26141885,-0.59696585,-0.5027386,-0.4488944,-0.65968204,-0.14614344,-0.65968204,-0.65968204,-0.65968204
0,-0.65968204,-0.21962847,-0.65968204,-0.65968204,-0.65968204,-0.65968204,-0.65968204,-0.586197,-0.35503426,-0.2975801,0.05974927,0.6150782,0.1324389,1.2866617,0.3186295,1.2898434,-0.2398812,0.29433843,0.6838519,-0.07535061,0.1203851,-0.5125284,-0.3670268,-0.589134
0,-0.65968204,-0.65968204,-0.65968204,-0.65968204,-0.65968204,-0.65968204,-0.48762548,-0.65968204,-0.3376573,-0.006332205,-0.147979,-0.22703204,-0.11169543,0.45372936,1.278524,1.0028173,1.2065686,0.07486235,0.68972576,-0.020955784,0.41836354,-0.4621719,-0.65968204,-0.65968204
0,-0.65968204,-0.65968204,-0.65968204,-0.43671829,-0.65968204,-0.65968204,-0.65968204,-0.65968204,0.11854953,0.79808724,1.257231,2.3313606,3.191521,1.8175161,4.419596,2.2118633,3.7142375,2.6766975,2.3227944,3.1072671,0.7427745,0.43898338,0.38832095,0.3921757
0,-0.37687784,-0.65968204,-0.65968204,-0.65968204,-0.65968204,-0.65968204,-0.65968204,-0.65968204,-0.65968204,-0.6394293,-0.07137348,0.1832848,0.46896484,-0.047633115,0.69455945,0.23070438,-0.07492231,0.9781591,0.47881588,-0.310674,-0.65968204,-0.65968204,-0.65968204,-0.65968204
0,-0.65968204,-0.65968204,-0.65968204,-0.39449957,-0.65968204,-0.65968204,-0.65968204,-0.65968204,-0.65968204,-0.29421484,-0.04114736,0.558603,1.7084817,3.5181346,0.63930815,5.1017036,1.9910411,1.4157654,1.088601,1.4048129,1.0530515,1.184052,0.14002597,0.07810523
1,-0.65968204,-0.65968204,-0.65968204,-0.65968204,-0.65968204,-0.65968204,-0.65968204,-0.65968204,-0.5443454,-0.33319065,0.4685365,1.3554354,1.1412824,2.872372,0.65637916,0.3303773,0.97344786,1.6625917,-0.4324352,0.3081054,-0.3643346,-0.65968204,-0.2917674,-0.65968204
0,-0.65968204,-0.65968204,-0.65968204,-0.65968204,-0.65968204,-0.65968204,-0.65968204,-0.65968204,-0.65968204,-0.65968204,-0.14571513,-0.5950079,-0.24587749,-0.42955947,0.11224728,0.6722264,0.16089061,0.41475356,-0.101477295,0.5765307,0.43665826,0.099398114,0.052957565,-0.38311887
0,-0.65968204,-0.65968204,-0.65968204,-0.65968204,-0.65968204,-0.65968204,-0.65968204,-0.65968204,-0.65968204,-0.33618882,-0.28008074,1.2874572,2.8677218,1.530123,1.7686279,2.340967,2.714633,3.9350598,1.6505992,2.8587883,1.2356322,0.622543,0.5403083,-0.42760152
0,-0.65968204,-0.65968204,-0.65968204,-0.65968204,-0.65968204,-0.65968204,-0.65968204,-0.65968204,-0.18462977,-0.46731156,-0.31960726,0.29201332,0.31709984,0.39572445,-0.0039459346,1.4576169,0.81491363,1.0616788,0.19264643,-0.07920534,0.74565035,-0.35999036,-0.45336103,-0.65968204
0,-0.65968204,-0.65968204,-0.65968204,-0.65968204,-0.65968204,-0.65968204,-0.65968204,-0.65968204,-0.65968204,-0.65968204,-0.65968204,-0.65968204,-0.09291112,-0.65968204,0.23645602,-0.22489052,-0.16829298,-0.65968204,-0.15997161,-0.65968204,-0.5765907,-0.0864254,-0.65968204,-0.65968204
1,-0.65968204,-0.65968204,-0.65968204,-0.65968204,-0.65968204,-0.65968204,-0.65968204,-0.65968204,-0.65968204,-0.4206874,-0.6041859,0.11836598,1.0881114,0.4302949,0.36904722,-0.29501027,0.045064494,-0.1720865,-0.40526843,-0.65968204,-0.65968204,-0.65968204,-0.65968204,-0.65968204
0,-0.3629885,-0.31954607,-0.33722898,-0.65968204,-0.5821587,-0.65968204,-0.65968204,-0.32095337,0.581854,0.23388611,1.020072,2.4621773,2.4129834,3.9187844,3.0996184,3.0309672,2.0385218,3.0140185,2.3257926,2.7498765,1.2235785,2.5851011,-0.0802455,-0.65968204
0,-0.65968204,-0.65968204,-0.65968204,-0.65968204,-0.65968204,-0.65968204,-0.65968204,-0.65968204,-0.65968204,-0.48377076,-0.65968204,-0.31881183,-0.058034807,0.328297,0.6423675,0.36855772,-0.22079103,-0.025055269,-0.22005677,0.0063946056,0.37492108,-0.29788604,-0.65968204,-0.65968204
1,-0.65968204,-0.65968204,-0.65968204,-0.65968204,-0.6509935,-0.549791,-0.65968204,-0.3558297,-0.18597588,-0.3749199,-0.09835677,1.3452173,2.3248746,1.0957596,0.70257497,0.5494862,2.2749465,0.25126314,-0.011227147,0.102151535,0.13482517,-0.65968204,-0.65968204,-0.65968204
0,-0.65968204,-0.65968204,-0.65968204,-0.65968204,-0.65968204,-0.65968204,-0.65968204,-0.3389422,-0.31507945,0.19062726,0.7398376,1.3822963,2.608964,2.3395596,3.0025158,3.2603557,3.7291057,2.5108206,2.5701103,2.5062315,0.9782816,-0.65968204,-0.24275698,-0.48009953
0,-0.65968204,-0.65968204,-0.4826082,-0.65968204,-0.65968204,-0.65968204,-0.65968204,-0.65968204,-0.65968204,-0.07755333,-0.19735657,-0.3344144,1.0421604,1.2312268,0.6931523,1.9100912,0.579896,1.2825621,0.5644769,0.1840191,-0.65968204,-0.15574972,-0.6096315,-0.65968204
1,-0.65968204,-0.65968204,-0.30798182,-0.65968204,-0.65968204,-0.65968204,-0.46767867,-0.65968204,-0.29739654,0.20788193,-0.14351241,1.7028524,1.807359,0.8565815,2.128833,2.423936,1.1694896,0.58681005,0.87114394,-0.46822938,-0.26129648,0.28950474,-0.5441007,-0.53963405
1,-0.5575617,-0.65968204,-0.65968204,-0.65968204,-0.65968204,-0.65968204,-0.65968204,-0.65968204,-0.54000115,-0.5222571,-0.5421427,-0.10080424,0.46559957,0.72515285,1.3450335,1.6816207,2.2144942,0.6499546,1.3937382,-0.33765727,-0.5167503,-0.24251221,-0.19968164,-0.65968204
0,-0.65968204,-0.65968204,-0.65968204,-0.65968204,-0.65968204,-0.65968204,-0.65968204,-0.42992657,-0.6404083,-0.65968204,-0.2062286,0.49643764,-0.34432662,0.24642937,0.46413115,-0.3194237,-0.05962567,-0.2689448,0.9829317,-0.53590167,-0.65968204,-0.65968204,-0.65968204,-0.65968204
0,-0.65968204,-0.65968204,-0.65968204,-0.65968204,-0.65968204,-0.65968204,-0.65968204,-0.65968204,-0.5647817,-0.65968204,-0.45544136,-0.019303722,-0.53541213,-0.35827714,0.26411226,-0.35472834,0.97283596,0.50286216,-0.42594945,-0.1422887,-0.2003547,-0.65968204,-0.37969244,-0.5472212
0,-0.65968204,-0.65968204,-0.65968204,-0.65968204,-0.65968204,-0.65968204,-0.65968204,-0.65968204,-0.65968204,-0.65968204,-0.070149764,-0.45966324,-0.18560877,0.07192538,-0.17080161,-0.10410827,0.2915239,0.08336728,-0.085507594,0.18340729,-0.16921075,-0.34714118,-0.65968204,-0.65968204
1,-0.5239091,-0.65968204,-0.65968204,-0.65968204,-0.65968204,-0.65968204,-0.65968204,-0.65968204,-0.30327046,-0.4198308,-0.41768926,-0.4608258,-0.04910158,0.11922259,0.9881326,-0.4847497,0.9197261,-0.15997161,0.7090607,-0.06947671,0.10001002,-0.1930735,-0.65968204,-0.65968204
0,-0.3393093,-0.49190852,-0.49221447,-0.40453416,-0.009146781,-0.4885433,-0.65968204,-0.65968204,-0.23676068,-0.41150942,0.35411772,1.866037,2.8510787,4.023903,2.348921,2.1840234,1.9693197,1.9804556,2.0782928,2.8507729,0.7988215,0.61171305,0.2666821,-0.5183411
0,-0.65968204,-0.65968204,-0.65968204,-0.65968204,-0.65968204,-0.65968204,-0.65968204,-0.65968204,-0.65968204,-0.65968204,-0.65968204,-0.3607246,0.08630421,-0.046225805,-0.47973242,-0.65968204,-0.43849272,-0.4118766,-0.40526843,-0.4780192,-0.5812409,-0.2630709,-0.34499967,-0.65968204
0,-0.65968204,-0.3189954,-0.65968204,-0.65968204,-0.65968204,-0.65968204,-0.65968204,-0.65968204,-0.65968204,-0.65968204,-0.65968204,-0.26582432,-0.2004771,0.60180074,-0.077430926,0.09150505,-0.65968204,-0.04102496,-0.2576865,-0.618014,-0.41279438,-0.32731676,-0.352648,-0.65968204
0,-0.4334754,-0.11065527,-0.65968204,-0.65968204,-0.3561356,-0.65968204,-0.34506086,-0.36904597,-0.5559097,-0.15727939,1.3020806,1.1061615,1.1894975,3.05844,2.0337493,3.4007177,3.708731,3.137371,2.0380323,1.7996496,2.096588,1.3464409,0.59806836,-0.65968204
0,-0.65968204,-0.65968204,-0.65968204,-0.65968204,-0.65968204,-0.65968204,-0.65968204,-0.65968204,-0.65968204,-0.43788084,-0.39872146,-0.20702405,-0.52880406,0.08404034,0.1382516,-0.4030657,-0.2743904,-0.51613843,0.057546552,-0.4048401,-0.437269,-0.34750834,-0.65968204,-0.65968204
1,-0.65968204,-0.65968204,-0.65968204,-0.65968204,-0.65968204,-0.65968204,-0.65968204,-0.65968204,-0.59604806,-0.28063142,-0.11157303,0.15697467,1.1120965,0.3401672,1.7507004,1.426473,0.48952353,0.017102249,0.14963222,-0.018814266,0.084590994,-0.5968434,-0.38862568,-0.65968204
0,-0.65968204,-0.65968204,-0.65968204,-0.65968204,-0.65968204,-0.65968204,-0.65968204,-0.65968204,-0.65968204,-0.16535601,0.98176914,0.7374513,0.8751823,1.0391622,2.9384534,2.5808792,1.775175,1.6955099,0.39939567,0.118488334,0.8398165,-0.13653715,0.041087314,-0.41395688
0,-0.65968204,-0.65968204,-0.65968204,-0.65968204,-0.65968204,-0.65968204,-0.40000638,-0.42007554,-0.5121001,-0.1649889,-0.10062069,0.30620864,-0.65968204,-0.33949286,-0.33043727,0.42466575,-2.9999797e-05,0.31336746,0.0021727192,-0.3539941,-0.53418845,-0.2989874,-0.65968204,-0.42466453
0,-0.65968204,-0.4802831,-0.65968204,-0.65968204,-0.65968204,-0.65968204,-0.65968204,-0.65968204,-0.4725736,0.8184624,1.0603328,1.8262656,2.7814488,2.0216956,2.5521827,4.061288,3.536001,2.9667215,2.7301133,2.3529594,1.556739,1.1623919,-0.10465897,0.080246754
0,-0.65968204,-0.65968204,-0.65968204,-0.65968204,-0.65968204,-0.65968204,-0.65968204,-0.65968204,-0.43775845,-0.49154142,0.058892664,-0.10918676,0.32572716,1.2432805,1.1565791,2.9353328,1.0250281,0.47428805,1.3417296,0.7443654,-0.09070844,0.35124195,0.40006873,-0.47661188
0,-0.42062625,-0.65968204,-0.46602666,-0.65968204,-0.65968204,-0.65968204,-0.65968204,-0.48230225,-0.65968204,-0.40673688,-0.6197884,0.406065,-0.53376013,1.2130543,0.9855016,1.3272284,0.2683954,0.273841,0.0915051,-0.2390246,-0.20384233,-0.12050631,-0.51656675,-0.65968204
0,-0.65968204,-0.65968204,-0.65968204,-0.65968204,-0.65968204,-0.65968204,-0.65968204,-0.65968204,-0.506165,-0.65968204,-0.279836,0.17753334,0.80922323,0.87346905,0.59727293,0.45446357,-0.15477072,0.09352422,0.47379854,0.62976295,-0.4030657,-0.37932533,-0.51277316,-0.65968204
0,-0.65968204,-0.65968204,-0.65968204,-0.65968204,-0.65968204,-0.65968204,-0.65968204,-0.45562497,0.057424154,-0.19698942,-0.2117354,1.4803171,3.322032,2.3595676,2.1893466,3.798736,3.517829,2.844471,1.3988779,0.9087124,0.4565439,0.1041095,0.16401109,0.043840736
0,-0.64921916,-0.42429742,-0.44026712,-0.65968204,-0.65968204,-0.65968204,-0.47483754,-0.65968204,-0.65968204,-0.51283437,0.07278199,-0.12466695,0.71573013,0.85119706,1.413379,0.10380355,0.93722534,-0.30082297,0.7448549,-0.11811999,0.5301513,-0.116406776,-0.5444678,-0.290666
0,-0.65968204,-0.65968204,-0.65968204,-0.65968204,-0.65968204,-0.65968204,-0.65968204,-0.65968204,-0.65968204,0.3658655,-0.1649277,0.030012613,0.37222886,0.14381951,1.7194339,2.1916106,0.4195261,-0.65968204,-0.37418565,-0.24783546,0.009086828,-0.5276415,-0.65968204,-0.65968204
0,-0.65968204,-0.65968204,-0.65968204,-0.65968204,-0.65968204,-0.65968204,-0.65968204,-0.65968204,-0.29513264,-0.5325364,-0.13280477,0.38061148,1.0737938,0.17967482,1.1262306,2.0350342,1.6923896,0.72227705,1.7495377,0.90455174,1.0929451,0.7423462,-0.3967023,-0.65968204
0,-0.65968204,-0.65968204,-0.40838894,-0.65968204,-0.65968204,-0.65968204,-0.6026562,-0.2935418,-0.24520443,0.12485174,1.4120328,2.0547361,2.8492432,3.5133624,3.36988,3.925576,4.327143,2.5649707,1.9245925,1.468814,0.41873065,0.44345006,-0.12729801,0.079879604
1,-0.65968204,-0.65968204,-0.65968204,-0.348059,-0.65968204,-0.65968204,-0.39866027,-0.65968204,-0.65968204,-0.42729557,0.52433866,1.0309632,0.47636837,0.6776109,0.48713717,0.65019935,0.84318167,-0.12742032,0.26178724,0.28925994,-0.4674951,-0.34444898,-0.4299878,-0.65968204
0,-0.65968204,-0.65968204,-0.65968204,-0.65968204,-0.65968204,-0.65968204,-0.523542,-0.65968204,-0.65968204,-0.65968204,0.012880363,-0.09352302,0.04200517,-0.34059423,0.17539178,0.37247366,-0.058830265,0.49503028,0.30981863,-0.15440361,-0.40838894,-0.4326188,-0.65968204,-0.65968204
1,-0.46198836,-0.20371993,-0.65968204,-0.65968204,-0.65968204,-0.65968204,-0.65968204,-0.65968204,0.13415211,-0.30608502,0.3970094,1.4995909,1.1092819,3.967795,2.890422,3.1157718,3.0011694,2.338397,2.482124,3.03317,0.95117605,1.0507876,0.04078141,0.45434126
0,-0.42221707,-0.65968204,-0.65968204,-0.65968204,-0.39229685,-0.65968204,-0.65968204,-0.65968204,-0.65968204,-0.15783004,0.2844874,0.29023895,0.3894835,0.80261505,1.7232276,1.0616788,0.07877829,0.75648034,2.563747,-0.1308468,-0.018630713,-0.3749199,-0.34340882,-0.45336103
0,-0.65968204,-0.65968204,-0.65968204,-0.65968204,-0.65968204,-0.65968204,-0.65968204,-0.60014755,-0.65968204,-0.27940768,-0.13231526,1.51966,0.8160761,1.741094,1.3100961,1.7650791,1.1410377,1.0775872,0.6412049,0.73586047,0.47184053,-0.12992899,0.056628745,-0.4694531
1,-0.65968204,-0.65968204,-0.65968204,-0.65968204,-0.65968204,-0.65968204,-0.65968204,-0.65968204,-0.65968204,-0.15391411,0.03649837,0.38929996,-0.1585643,1.0569675,0.07223133,0.81093645,0.1832849,-0.5827706,0.724541,-0.46553716,0.044819742,-0.65968204,-0.65968204,-0.65968204
0,-0.28136566,-0.65968204,-0.65968204,-0.65968204,-0.65968204,-0.65968204,-0.65968204,-0.15036528,-0.65968204,-0.25395408,0.13084799,-0.056811098,0.47159582,1.1914555,2.0220015,1.688596,1.3262495,1.2631049,1.0796065,0.9225406,-0.0968883,-0.3643958,-0.65968204,-0.12240308
1,0.031052772,-0.65968204,-0.65968204,-0.65968204,-0.65968204,-0.65968204,-0.65968204,-0.65968204,-0.1596045,0.16603026,0.31251085,1.6920224,1.3162148,3.1928673,2.392914,3.2112231,2.7952766,3.5946178,4.000774,0.65142304,-0.28687245,0.13262245,-0.07345384,-0.65968204
0,-0.21436642,-0.65968204,-0.65968204,-0.65968204,-0.65968204,-0.65968204,-0.65968204,-0.65968204,-0.65968204,-0.65968204,-0.27855107,-0.2862606,-0.34083897,0.35852316,0.9556426,-0.11414286,0.10986101,-0.26141888,0.18285663,-0.65968204,-0.553401,0.2278287,-0.3545448,-0.65968204
0,-0.65968204,-0.65968204,-0.65968204,-0.65968204,-0.65968204,-0.65968204,-0.65968204,-0.65968204,-0.5571946,-0.4013525,-0.5038399,-0.44705883,-0.11805884,0.21901782,0.6903378,0.0683766,0.880995,1.8000166,1.2448713,0.72203225,-0.22739914,-0.65968204,-0.56955427,-0.37651074
0,-0.65968204,-0.65968204,-0.65968204,-0.65968204,-0.65968204,-0.65968204,-0.65968204,-0.65968204,-0.65968204,-0.65968204,-0.65968204,-0.65968204,-0.65968204,-0.65968204,-0.37186056,-0.38550517,-0.070394516,-0.42417502,-0.40165845,-0.4783863,-0.31159183,-0.65968204,-0.65968204,-0.49802718
0,-0.5895011,-0.65968204,-0.65968204,-0.65968204,-0.65968204,-0.65968204,-0.478937,-0.5273355,-0.40141368,0.93239176,1.5388114,0.8480767,3.1116724,3.766124,3.0191584,3.7136257,4.0278797,3.2935193,2.5507755,3.2875226,1.2203968,-0.1427782,0.0074347653,-0.65968204
1,-0.65968204,-0.65968204,-0.65968204,-0.65968204,-0.65968204,-0.65968204,-0.65968204,-0.65968204,-0.44228628,-0.20592265,-0.3516078,-0.0966435,3.2286,1.98841,2.068809,2.5487564,0.6791405,1.3400776,0.58154804,0.5395741,-0.5013925,-0.43934932,-0.5529115,-0.65968204
1,-0.65968204,-0.65968204,-0.65968204,-0.65968204,-0.65968204,-0.65968204,-0.65968204,-0.65968204,-0.16914959,-0.44424427,-0.59317225,0.06782585,0.74675167,1.286784,1.1876007,0.5382891,1.0255177,0.23755734,-0.24477614,0.8355946,-0.65968204,-0.3230337,-0.3815892,-0.65968204
0,-0.65968204,-0.65968204,-0.65968204,-0.65968204,-0.65968204,-0.65968204,-0.65968204,-0.65968204,-0.65968204,-0.60051465,-0.65968204,0.13213295,0.30382237,-0.35534018,0.018142408,0.30945152,-0.32731676,-0.65968204,-0.18976942,-0.65968204,-0.26600787,-0.43476033,-0.65968204,-0.65968204
0,-0.65968204,-0.65968204,-0.65968204,-0.65968204,-0.65968204,-0.65968204,-0.65968204,-0.47373617,-0.4252764,0.5286829,0.47948885,0.14002597,1.0096701,2.9626834,2.8509567,1.9766622,1.359902,1.3204366,0.55640036,0.8490556,0.7809549,1.8005673,-0.04696006,-0.60504246
0,-0.65968204,-0.65968204,-0.65968204,-0.65968204,-0.65968204,-0.65968204,-0.65968204,-0.65968204,-0.5215228,-0.5896846,-0.14302291,-0.32358438,-0.17985722,-0.65968204,0.22330086,-0.44026712,-0.45519665,0.14724603,-0.26282614,0.51448756,-0.24973223,-0.223422,-0.65968204,-0.65968204
0,-0.65968204,-0.65968204,-0.65968204,-0.65968204,-0.65968204,-0.65968204,-0.65968204,-0.65968204,-0.65968204,-0.65968204,-0.65968204,-0.65968204,-0.65968204,-0.65968204,-0.65968204,0.6938865,-0.083304875,-0.37449157,-0.34775308,-0.65968204,-0.2179764,-0.65968204,-0.65968204,-0.65968204
0,-0.65968204,-0.65968204,-0.65968204,-0.65968204,-0.65968204,-0.35956207,-0.65968204,-0.65968204,-0.65968204,-0.47691783,-0.65968204,0.47086152,0.10557797,0.39248165,0.4061874,0.07106873,1.2160524,0.9541129,0.87732387,-0.13971888,0.26974142,-0.58001715,-0.5011477,-0.29103315
0,-0.65968204,-0.65968204,-0.65968204,-0.65968204,-0.65968204,-0.65968204,-0.65968204,-0.65968204,-0.42601064,-0.53400487,-0.47055444,-0.65968204,0.15862674,-0.35105714,-0.082998924,-0.3838531,-0.5241539,-0.3098174,0.32737923,-0.40061823,-0.65968204,-0.65968204,-0.65968204,-0.26056224
1,-0.65968204,-0.48077258,-0.65968204,-0.65968204,-0.65968204,-0.65968204,-0.65968204,-0.524521,-0.3015572,-0.3639063,0.22036393,0.48756552,1.374342,0.9954138,1.572831,3.6621678,2.413167,2.3248746,1.7137436,0.13574293,-0.14339006,0.08997539,-0.3079206,-0.65968204
1,-0.40061823,-0.65968204,-0.65968204,-0.65968204,-0.65968204,-0.5633744,-0.65968204,-0.65968204,-0.49539617,-0.33600524,0.6298242,0.9978612,1.2107292,1.1584148,1.8748479,0.5337002,1.0024502,1.3283908,0.6554614,0.505126,0.0569347,-0.495335,-0.65968204,-0.65968204
0,-0.65968204,-0.65968204,-0.65968204,-0.65968204,-0.65968204,-0.65968204,-0.60706156,-0.5769578,-0.65968204,-0.6183199,-0.5049413,-0.65968204,-0.65968204,-0.65968204,-0.5116106,-0.65968204,-0.331661,-0.5573782,-0.65968204,-0.65968204,-0.65968204,-0.26545718,-0.65968204,-0.606205
1,-0.65968204,-0.53798205,-0.65968204,-0.65968204,-0.65968204,-0.65968204,-0.37290072,-0.65968204,-0.48713598,-0.06702924,0.51693505,1.0885397,2.4909348,1.8229616,2.9585836,3.8109734,1.4232299,1.4208437,1.447154,0.023220902,0.61752576,-0.65968204,0.03625362,-0.65968204
0,-0.19013652,-0.65968204,-0.65968204,-0.65968204,-0.65968204,-0.65968204,-0.27634835,-0.61195654,0.13574293,-0.65968204,-0.2512619,0.74130607,1.7767658,0.9301277,1.3868852,0.38917756,1.1664302,2.1131692,2.1306076,0.6131815,0.14620587,0.6613965,-0.5538905,-0.65968204
1,-0.65968204,-0.65968204,-0.65968204,-0.65968204,-0.65968204,-0.65968204,-0.65968204,-0.46963662,-0.39994517,-0.48493326,0.67602,0.1422287,0.002784622,0.9488509,0.35644284,0.6459163,-0.37779567,0.4207498,0.15709698,-0.3122649,-0.22892885,-0.19454196,-0.65968204,-0.65968204
1,-0.65968204,-0.65968204,-0.65968204,-0.65968204,-0.65968204,-0.65968204,-0.65968204,-0.65968204,-0.65968204,-0.24122731,-0.025544774,0.13733375,0.6230325,2.8119197,0.34432784,-0.14852971,0.14791909,1.373363,-0.19876383,-0.65968204,-0.1944808,-0.48101732,-0.35870546,-0.65968204
1,-0.65968204,-0.5536458,-0.65968204,-0.65968204,-0.57200176,-0.65968204,-0.65968204,-0.085507594,1.8591839,1.8987106,2.84649,2.2444146,3.4884593,3.6319418,4.3718095,3.7972677,3.5489726,3.535206,2.6338665,2.6698444,1.7893703,0.8887045,-0.37277836,-0.17740975
0,-0.65968204,-0.65968204,-0.65968204,-0.65968204,-0.65968204,-0.65968204,-0.65968204,-0.65968204,-0.65968204,-0.65968204,-0.65968204,-0.6067557,0.20151848,-0.47398087,-0.65968204,-0.36341682,-0.31452876,0.17416807,0.088139825,-0.26661974,0.08183762,0.20635226,-0.3135498,-0.20494369
0,-0.48517802,-0.65968204,-0.54061306,-0.65968204,-0.65968204,-0.65968204,-0.65968204,-0.43059963,0.082694225,0.09493153,0.9717959,3.0255828,4.5160875,2.550531,2.307865,2.9480596,4.7382555,3.1722474,2.703497,2.302909,0.8519313,0.7684117,0.78890926,-0.10624983
0,-0.65968204,-0.65968204,-0.65968204,-0.65968204,-0.65968204,-0.65968204,-0.65968204,-0.65968204,-0.65968204,-0.65968204,-0.65968204,-0.26882243,0.38458857,0.10245744,0.99143654,-0.6295171,-0.33545455,-0.5054308,-0.044023134,-0.65968204,-0.10025354,-0.65968204,-0.65968204,-0.65968204
0,-0.65968204,-0.65968204,-0.65968204,-0.65968204,-0.65968204,-0.65968204,-0.5806902,-0.65968204,-0.65968204,-0.5250717,-0.65968204,-0.37290072,-0.37852988,-0.1876891,-0.3697802,-0.34242985,-0.2977025,-0.1890352,-0.5229913,-0.65968204,-0.65968204,-0.65968204,-0.6107328,-0.65968204
0,-0.6368595,-0.65968204,-0.65968204,-0.65968204,-0.65968204,-0.65968204,-0.65968204,-0.65968204,-0.59145904,-0.65968204,-0.39933333,-0.18316126,0.90828425,0.32621667,1.02564,1.5892903,0.25481188,0.063236855,0.22519763,1.480623,-0.35570732,-0.18536398,-0.3645182,-0.44351
1,-0.31110233,-0.65968204,-0.65968204,-0.65968204,-0.65968204,-0.65968204,-0.65968204,-0.65968204,-0.2550555,0.1941761,0.6033916,1.3942889,2.3566918,3.7537029,2.159304,2.951486,3.3119972,1.594797,1.6537197,-0.3112247,-0.2013337,-0.00027475154,-0.65968204,-0.20989983
0,-0.65968204,-0.65968204,-0.65968204,-0.65968204,-0.65968204,-0.65968204,-0.65968204,-0.37308428,-0.33264,-0.14363481,-0.40606382,-0.011900156,1.2689787,-0.46884122,0.5351075,1.2623094,2.4008074,1.6720756,0.5534023,0.976813,0.23480396,-0.23516981,-0.5638027,-0.47239006
0,-0.65968204,-0.65968204,-0.65968204,-0.32590947,-0.65968204,-0.65968204,-0.65968204,-0.65968204,-0.65968204,-0.65968204,-0.524521,-0.44546798,-0.31862825,-0.17949007,0.45648274,0.1261366,0.19882625,-0.47636718,-0.3507512,-0.25419882,-0.65968204,-0.65968204,-0.4716558,-0.65968204
0,-0.4553802,-0.65968204,-0.65968204,-0.65968204,-0.65968204,-0.65968204,-0.65968204,-0.65968204,-0.65968204,-0.13629244,-0.2521797,-0.23094797,-0.08116331,0.31587613,1.3370181,2.3590167,1.4434216,0.9031445,-0.0039459346,-0.3903389,0.123750426,-0.59561974,-0.65968204,-0.2117966
0,-0.65968204,-0.65968204,-0.65968204,-0.65968204,-0.65968204,-0.65968204,-0.65968204,-0.65968204,-0.65968204,-0.65968204,-0.65968204,-0.504207,0.84073424,-0.3784075,0.014226474,0.24337004,0.3888716,-0.3380244,-0.19497031,-0.064642966,-0.44020593,-0.65968204,-0.3990274,-0.65968204
0,-0.65968204,-0.65968204,-0.65968204,-0.65968204,-0.65968204,-0.65968204,-0.65968204,-0.65968204,-0.65968204,-0.65968204,-0.65968204,-0.65968204,-0.30480012,-0.44026712,-0.3725948,-0.05705585,-0.32517526,-0.09541979,-0.65968204,-0.16205193,-0.65968204,-0.65968204,-0.45189258,-0.60461414
0,-0.5415308,-0.65968204,-0.65968204,-0.65968204,-0.65968204,-0.65968204,-0.51956487,-0.65968204,-0.65968204,0.025484823,-0.0153877875,0.1089432,1.5704448,1.2255975,3.1598876,1.4786038,1.892592,1.3483377,1.6340787,0.5103269,0.6144664,1.1204178,-0.39480552,-0.48689124
0,-0.65968204,-0.65968204,-0.65968204,-0.65968204,-0.65968204,-0.65968204,-0.65968204,-0.65968204,-0.65968204,-0.4222171,-0.46253902,-0.18989182,0.23596652,0.7328623,0.72827333,0.83039373,0.9337377,0.23094918,-0.4030045,-0.65968204,-0.5920097,0.68391305,-0.65968204,-0.65968204
0,-0.5521161,-0.65968204,-0.65968204,-0.65968204,-0.65968204,-0.37877464,-0.44773188,-0.06286855,-0.43292472,0.13066444,-0.08110216,0.5746339,1.6917164,2.09567,3.1604993,0.8558473,1.1957384,0.98244226,-0.5607434,-0.15128309,-0.5801396,0.43727016,-0.312632,-0.40159723
0,-0.65968204,-0.33729014,-0.65968204,-0.65968204,-0.54807776,-0.65968204,-0.4577053,-0.65968204,-0.3583995,-0.41010216,-0.05209971,1.5079733,0.7009842,1.2342248,1.9695644,2.4592404,1.2394258,0.799005,0.49172613,0.74259096,1.0641874,-0.37608245,-0.65968204,-0.30822656
1,-0.65968204,-0.65968204,-0.65968204,-0.3231561,-0.65968204,-0.65968204,-0.52904874,-0.65968204,-0.65968204,-0.48738074,-0.20512724,0.10111133,0.9342885,0.3452457,0.92633414,0.26044104,0.7967411,-0.31006217,-0.30070063,-0.22140288,-0.65968204,-0.40685928,-0.65968204,-0.65968204
0,-0.65968204,-0.65968204,-0.65968204,-0.65968204,-0.65968204,-0.65968204,-0.65968204,-0.65968204,-0.65968204,-0.46339563,-0.65968204,-0.39609045,0.4536682,0.3061475,1.0641874,0.74558914,0.267294,-0.16792588,0.3950514,0.2153467,1.0729373,0.48976824,-0.009085581,-0.65968204
0,-0.65968204,-0.65968204,-0.65968204,-0.65968204,-0.65968204,-0.65968204,-0.65968204,-0.65968204,-0.49515146,-0.65968204,-0.56159997,-0.65968204,-0.10404712,-0.26417226,-0.5926216,-0.5829541,-0.65968204,-0.22372796,-0.65968204,-0.1830389,-0.115121864,-0.35791004,-0.65968204,-0.65968204
0,-0.65968204,-0.65968204,-0.65968204,-0.65968204,-0.65968204,-0.65968204,-0.65968204,-0.3921745,-0.3870348,0.1599116,0.31942487,1.1113623,1.0750786,2.5343163,1.4303888,1.4124613,3.1836894,2.3541832,2.0892453,0.024322262,-0.17979603,-0.15850314,-0.65968204,-0.4012301
0,-0.6374713,-0.6021667,-0.65968204,-0.43524984,-0.65968204,-0.65968204,-0.65968204,-0.17906177,-0.3038823,-0.2639887,1.2118305,0.92731315,2.3445768,2.760584,2.1364202,2.076947,2.3083544,2.10393,2.1814535,1.7595112,0.74173445,0.043963134,-0.5302725,-0.54679286
0,-0.47954887,-0.65968204,-0.65968204,-0.65968204,-0.65968204,-0.65968204,-0.65968204,-0.46694446,-0.3189954,0.23235644,0.78468734,2.6923609,3.239369,2.860563,2.781571,3.701511,2.2933025,2.8462453,1.9424589,1.8333021,2.0828822,0.8062862,0.20818779,-0.61067164
0,-0.65968204,-0.65968204,-0.65968204,-0.65968204,-0.65968204,-0.65968204,-0.65968204,-0.65968204,-0.65968204,-0.65968204,-0.65968204,-0.47783566,-0.064704165,0.4414308,-0.56955427,-0.65968204,-0.64150965,-0.65968204,-0.65968204,-0.65968204,-0.65968204,-0.628844,-0.65968204,-0.65968204
1,-0.65968204,-0.65968204,-0.65968204,-0.35234207,-0.65968204,-0.65968204,-0.65968204,-0.40092418,-0.65968204,-0.47312427,0.14920396,0.9657995,2.4048455,1.2567414,2.4668887,3.396557,2.3287907,1.4210273,0.5269084,0.08098101,0.51620084,-0.39615163,-0.25150666,-0.65968204
0,-0.65968204,-0.65968204,-0.65968204,-0.65968204,-0.65968204,-0.65968204,-0.65968204,-0.65968204,-0.65968204,-0.65968204,-0.65968204,-0.32780626,-0.050386492,0.049898237,0.12601429,0.90632623,0.8562144,-0.20017114,-0.65968204,-0.3177105,-0.23027492,-0.65968204,-0.6097538,-0.65968204
1,-0.4099186,-0.65968204,-0.65968204,-0.65968204,-0.65968204,-0.65968204,-0.65968204,-0.65968204,-0.63471794,-0.32786745,-0.043778334,-0.003456431,1.5660394,1.2325116,2.8775115,1.4847225,2.3955452,1.5344672,1.345829,0.098541506,0.056139242,-0.20561674,-0.65968204,-0.65968204
0,-0.12729797,-0.08911758,-0.3366783,-0.65968204,-0.65968204,-0.65968204,-0.65968204,-0.65968204,-0.41548654,-0.45109713,0.29182985,0.21436758,1.4374253,1.4130732,0.55444235,2.1373992,1.1573746,0.6664137,1.3024478,-0.25028288,0.030869221,0.49857908,-0.65968204,-0.49086836
1,-0.56245667,-0.65968204,-0.65968204,-0.65968204,-0.65968204,-0.65968204,-0.45733818,-0.5776309,-0.25144544,0.6263365,-0.3452444,0.75280917,1.5677525,0.84538436,1.0799737,1.3102185,-0.09835672,0.3072488,0.15305874,0.16615266,0.08434624,-0.2230549,0.023159703,0.88166803
0,-0.65968204,-0.65968204,-0.61709625,-0.65968204,-0.65968204,-0.48499447,-0.65968204,-0.65968204,-0.44797665,-0.65968204,-0.36421224,-0.26233664,-0.34891564,-0.0012537119,-0.65968204,-0.4586843,-0.36776108,-0.10649454,-0.48364836,-0.31422284,-0.65968204,-0.65968204,-0.65968204,-0.65968204
0,-0.5821587,-0.65968204,-0.65968204,-0.65968204,-0.65968204,-0.65968204,-0.65968204,-0.65968204,-0.24801901,-0.65968204,-0.65968204,-0.03319309,-0.65968204,-0.4657207,1.0330435,-0.4022703,0.85156417,1.0714686,0.29231927,-0.3135498,-0.65968204,-0.65968204,-0.65968204,-0.09499148
0,-0.65968204,-0.28418025,-0.35827714,-0.47190055,-0.65968204,-0.65968204,-0.65968204,-0.65968204,-0.37045327,-0.5267849,-0.47814155,1.2860498,1.1803195,0.82219476,2.6894853,2.1332386,2.0976279,1.8851882,1.544257,0.51864827,1.278524,0.7223995,-0.0916874,0.10931035
0,-0.65968204,-0.65968204,-0.65968204,-0.65968204,-0.65968204,-0.65968204,-0.65968204,-0.65968204,-0.4198308,-0.57842636,0.23333545,-0.2835072,-0.2605011,0.530029,0.11347104,0.9053472,0.4846286,0.44100255,0.16798817,0.30357766,0.30064064,-0.063541606,-0.24324648,-0.65968204
1,-0.65968204,-0.65968204,-0.65968204,-0.65968204,-0.65968204,-0.65968204,-0.65968204,-0.65968204,-0.65968204,-0.65968204,-0.35136306,0.7764271,0.024628168,2.0148425,0.51571137,1.340261,1.5181916,2.3227944,0.59929216,1.2285346,0.16394994,0.40569788,-0.65968204,-0.65968204
1,-0.65968204,-0.65968204,-0.65968204,-0.65968204,-0.65968204,-0.65968204,-0.65968204,-0.65968204,-0.65968204,-0.3144676,-0.26784346,-0.21075639,0.6476295,0.52274776,0.19858146,0.35999155,0.12870651,-0.26557958,-0.31924015,0.178084,-0.65968204,-0.47312427,-0.65968204,-0.65968204
1,-0.65968204,-0.65968204,-0.65968204,-0.65968204,-0.65968204,-0.65968204,-0.65968204,-0.65968204,-0.65968204,-0.6015548,-0.57083917,-0.58411664,0.6639663,-0.24257343,0.34267586,-0.65968204,-0.09462438,-0.45801124,-0.511733,-0.43629,0.1482862,-0.65968204,-0.65968204,-0.65968204
0,-0.65968204,-0.65968204,-0.65968204,-0.65968204,-0.65968204,-0.65968204,-0.65968204,-0.65968204,-0.65968204,-0.65968204,-0.2671704,-0.43830916,-0.65968204,-0.31703743,-0.30192435,0.17618723,0.0014996636,-0.3549731,0.14027077,-0.65968204,-0.34763068,-0.116406776,-0.65968204,-0.65968204
1,-0.65968204,-0.65968204,-0.65968204,-0.65968204,-0.37002495,-0.65968204,-0.4695755,-0.65968204,-0.65968204,0.9213168,1.2230276,2.6130633,0.39492908,4.149396,3.1486905,3.5272515,3.3986375,4.1864753,2.2681549,2.943899,1.0486462,1.3263106,0.55762404,-0.34958866
0,-0.65968204,-0.65968204,-0.65968204,-0.65968204,-0.65968204,-0.65968204,-0.65968204,-0.65968204,-0.65968204,-0.65968204,-0.65968204,-0.2630097,-0.29592806,-0.21063404,-0.5675963,-0.4481602,-0.65968204,-0.118364744,-0.65968204,-0.65968204,-0.5915814,-0.29372537,-0.59194857,-0.65968204
1,-0.22085218,-0.65968204,-0.65968204,-0.5061038,-0.65968204,-0.65968204,-0.64726114,-0.25193495,-0.30908316,0.0082302205,1.9069096,2.478086,3.0782034,2.0784767,2.6752288,2.7919726,3.6537242,2.1366649,1.393677,1.2484813,0.5812421,-0.088995226,-0.18108094,-0.65968204
0,-0.65968204,-0.65968204,-0.65968204,-0.65968204,-0.65968204,-0.65968204,-0.65968204,-0.65968204,-0.38470975,-0.24508204,-0.24434784,-0.65968204,0.19986641,-0.33698422,-0.49001175,-0.5212781,-0.34451017,-0.07779808,0.6792018,-0.65968204,-0.32817337,-0.43145624,-0.4253988,-0.36445698
1,-0.65968204,-0.65968204,-0.65968204,-0.65968204,-0.65968204,-0.65968204,-0.65968204,-0.65968204,-0.65968204,-0.65968204,-0.65968204,1.1040812,0.8761613,0.3606646,0.692418,0.54440784,0.7833412,1.088662,0.7476083,-0.5884609,0.4257059,-0.2175481,-0.65968204,-0.6047977
1,-0.65968204,-0.65968204,-0.58056784,-0.65968204,-0.65968204,-0.65968204,-0.65968204,-0.568147,-0.65968204,-0.050570045,-0.23731138,-0.46596545,-0.24434778,0.5524232,1.0179304,2.0396843,0.92247957,0.8960468,0.06225794,-0.23510866,-0.65968204,-0.4626614,-0.515343,-0.65968204
0,-0.65968204,-0.65968204,-0.65968204,-0.65968204,-0.031908177,-0.65968204,-0.21932252,-0.65968204,0.15128437,-0.65968204,-0.52904874,0.57383853,0.53908455,1.6504155,2.0962818,1.8034431,2.4396608,3.6190925,2.696644,0.4813857,0.7940489,0.17777805,-0.65968204,-0.65968204
0,-0.65968204,-0.65968204,-0.65968204,-0.65968204,-0.65968204,-0.65968204,-0.53926694,-0.65968204,-0.21730335,-0.50096416,0.034601603,-0.061400086,0.15832078,1.0508488,0.95007455,0.4351287,1.1838683,1.3508464,0.79943335,-0.07216893,0.15630162,-0.2585431,-0.028175795,-0.5483837
0,-0.3298254,-0.52519405,-0.3298866,-0.65968204,-0.65968204,-0.65968204,-0.49221447,-0.23780088,0.26968026,1.0216017,3.4241524,2.4054575,2.4490223,3.9988773,2.9338644,2.561116,3.5347776,3.2399805,3.4188902,2.3763938,2.094385,1.2988378,1.1544375,-0.046225805
1,-0.42478693,-0.65968204,-0.65968204,-0.65968204,-0.65968204,-0.65968204,-0.65968204,-0.65968204,-0.65968204,1.1070793,0.45275036,0.60131127,2.8302143,2.9958463,3.4450166,2.0462925,1.7885135,2.7019064,1.3071593,-0.51050925,-0.65968204,-0.65968204,-0.31458995,-0.1712299
1,-0.56270134,-0.65968204,-0.65968204,-0.65968204,-0.65968204,-0.65968204,-0.65968204,-0.33153862,-0.52403146,-0.19919218,-0.030194962,-0.1076571,0.9702662,0.70820415,1.868056,1.388476,1.5388114,2.258732,0.2789194,0.2096563,-0.35417765,-0.65968204,-0.50543076,-0.65968204
1,-0.65968204,-0.65968204,-0.65968204,-0.65968204,-0.65968204,-0.65968204,-0.65968204,-0.65968204,-0.65968204,-0.65968204,-0.51919776,0.88662416,-0.017101003,0.9853793,0.61899424,1.3809502,0.1540989,-0.39131787,0.0631757,-0.3108576,-0.181754,-0.45085236,-0.65968204,-0.65968204
0,-0.65968204,-0.55285037,-0.65968204,-0.65968204,-0.65968204,-0.65968204,-0.65968204,-0.65968204,-0.65968204,0.09817441,-0.5429381,-0.13818921,0.33251888,0.4645594,0.7763048,1.9581839,0.8081218,0.9293935,0.8637403,1.3495003,1.0454644,0.32517642,-0.65968204,-0.65968204
1,-0.65968204,-0.65968204,-0.65968204,-0.65968204,-0.26374397,-0.65968204,-0.65968204,-0.33478153,-0.6068169,-0.47391972,0.5286829,0.5081853,2.6667852,1.6455207,1.6380559,1.1607398,0.13684425,-0.066784486,-0.4178117,-0.5939065,-0.65968204,-0.46223307,-0.33649474,-0.65968204
1,-0.5255611,-0.65968204,-0.65968204,-0.43537217,-0.65968204,-0.65968204,-0.65968204,-0.38091615,0.06072828,0.7754482,0.29580694,1.4823364,2.21737,2.6193044,2.9480596,3.3280892,2.391507,3.372205,2.803292,1.3958185,0.8945172,0.4011089,-0.5202991,-0.1310304
0,-0.65968204,-0.65968204,-0.65968204,-0.65968204,-0.65968204,-0.65968204,-0.65968204,-0.65968204,-0.49258158,0.049531132,-0.65968204,-0.46461934,0.3863018,1.2418731,0.015511433,-0.29452077,0.21277677,1.2258424,-0.1194661,0.21234842,-0.65968204,-0.51148826,-0.65968204,-0.65968204
0,-0.5404295,-0.65968204,-0.65968204,-0.65968204,-0.65968204,-0.65968204,-0.5286204,-0.65968204,-0.65968204,-0.49594685,-0.20053825,-0.65968204,-0.36647615,-0.1777157,0.7331071,0.9040011,0.33539465,1.3756881,0.6742457,2.9492223,2.0116608,-0.02970546,-0.55058646,-0.65968204
0,-0.65968204,-0.65968204,-0.65968204,-0.65968204,-0.48450497,-0.65968204,-0.42411387,-0.65968204,-0.4844438,-0.65968204,-0.110716425,0.324687,0.8141793,1.3666936,1.3472977,1.3934321,2.2305253,1.4070158,2.2926905,1.9167604,0.44149205,0.16248143,0.018693065,-0.65968204
1,-0.65968204,-0.65968204,-0.65968204,-0.65968204,-0.65968204,-0.65968204,-0.65968204,-0.65968204,-0.44020593,-0.51803523,-0.40257624,0.78383076,1.4117881,1.7441533,1.0674915,0.9981673,1.0976565,1.7883912,-0.1313975,-0.45323864,-0.06733519,-0.65968204,-0.65968204,-0.65968204
0,-0.65968204,-0.65968204,-0.65968204,-0.65968204,-0.65968204,-0.65968204,-0.65968204,-0.65968204,-0.65968204,-0.58044547,-0.65968204,-0.5928663,0.8279463,-0.37051445,-0.0070664138,-0.09358422,-0.48370954,-0.39052245,-0.65968204,-0.28411907,-0.34291932,-0.65968204,-0.65968204,-0.65968204
0,-0.65968204,-0.65968204,-0.65968204,-0.65968204,-0.65968204,-0.65968204,-0.65968204,-0.65968204,-0.65968204,-0.65968204,-0.65968204,-0.17061806,-0.4835872,-0.65968204,-0.22385035,0.02052868,0.86037505,-0.42594945,0.08036911,-0.4507912,-0.65968204,-0.65968204,-0.65968204,-0.43115035
0,-0.5144864,-0.65968204,-0.65968204,-0.65968204,-0.65968204,-0.65968204,-0.65968204,-0.47661188,0.07902304,-0.091136746,1.238508,3.6817474,1.8177607,3.3906221,3.3083875,4.0307555,2.4912407,5.1888328,2.3878357,1.4216392,1.9686468,1.132961,-0.4556249,0.10380355
0,-0.65968204,-0.65968204,-0.65968204,-0.65968204,-0.65968204,-0.65968204,-0.65968204,-0.65968204,-0.65968204,-0.65968204,-0.65968204,-0.49692583,-0.3847709,-0.2740233,-0.4331083,-0.65968204,-0.37063682,-0.21393812,-0.65968204,-0.65968204,-0.55799,-0.65968204,-0.4212381,-0.65968204
0,-0.65968204,-0.65968204,-0.65968204,-0.65968204,-0.65968204,-0.65968204,-0.65968204,-0.65968204,-0.65968204,-0.3589502,-0.5430605,-0.27763328,0.15256923,0.13470277,0.20806548,-0.2524856,-0.06433706,-0.115366615,-0.40618622,-0.52519405,-0.50469655,-0.02731919,-0.65968204,-0.65968204
0,-0.65968204,-0.65968204,-0.65968204,-0.65968204,-0.65968204,-0.65968204,-0.4616824,-0.65968204,-0.29886502,-0.24789661,-0.65968204,-0.3220547,-0.06923196,-0.047204766,0.021018183,0.5107552,-0.15244564,0.94989103,0.42130047,0.10496607,-0.36139765,-0.26404986,-0.38966584,-0.65968204
0,-0.65968204,-0.65968204,-0.49668112,-0.65968204,-0.65968204,-0.65968204,-0.4644358,-0.65968204,-0.65968204,-0.21962847,-0.3033316,0.56154,0.78205633,0.5073899,0.64958745,0.1150007,0.5563392,1.115523,0.036437172,1.4653876,0.6384515,-0.06886485,-0.5007194,0.041576866
1,-0.65968204,-0.65968204,-0.65968204,-0.65968204,-0.65968204,-0.65968204,-0.65968204,-0.65968204,-0.65968204,-0.5936006,0.6375338,0.100193575,1.7874733,1.0455868,1.6840681,1.4431156,1.9476599,1.0470552,0.24471615,0.19117792,-0.65968204,-0.53645235,-0.65968204,-0.65968204
0,-0.65968204,-0.65968204,-0.65968204,-0.65968204,-0.65968204,-0.65968204,-0.65968204,-0.65968204,-0.12754272,0.12705445,0.27120993,2.3766384,2.9166098,2.1712966,3.629678,4.054129,3.068903,2.7070458,2.2584872,1.3384255,0.59360176,0.44344997,-0.10606628,-0.65968204
0,-0.56086576,-0.65968204,-0.65968204,-0.65968204,-0.65968204,-0.65968204,-0.65968204,-0.65968204,-0.65968204,-0.36096936,-0.4484661,-0.58527917,0.26509127,0.23480396,0.29543984,0.069355555,0.55487067,-0.38697362,-0.2803867,-0.19998755,-0.65968204,-0.46474174,-0.65968204,-0.65968204
1,-0.65968204,-0.65968204,-0.65968204,-0.65968204,-0.65968204,-0.65968204,-0.65968204,-0.65968204,-0.65968204,-0.49294874,0.10778073,1.3302876,-0.53957283,0.13531467,0.24337004,-0.38140565,0.9197261,-0.4208098,-0.038026784,-0.07761448,-0.65968204,-0.65968204,-0.50096416,-0.65968204
1,-0.65968204,-0.65968204,-0.65968204,-0.65968204,-0.65968204,-0.65968204,-0.65968204,-0.62829334,-0.2340685,-0.6371654,1.6814984,2.5977056,1.6313865,1.4214556,2.4828582,1.3324904,2.8781235,2.6483068,0.23755734,0.59996516,-0.0039459346,-0.46345684,-0.116773926,-0.65968204
0,-0.65968204,-0.65968204,-0.65968204,-0.65968204,-0.65968204,-0.65968204,-0.65968204,-0.65968204,-0.5570722,-0.2592773,-0.41291675,0.07210893,0.04347363,0.5311915,1.071285,0.9500135,0.6941313,1.5194154,0.83333063,-0.25566733,0.091994606,-0.0741269,-0.65968204,-0.65968204
0,-0.65968204,-0.65968204,-0.65968204,-0.60730636,-0.65968204,-0.65968204,-0.65968204,-0.65968204,-0.6285381,-0.65968204,-0.32021913,0.055466235,-0.10111014,-0.4184847,0.49723297,0.27781808,-0.034355648,-0.50506365,-0.16180722,0.52586836,-0.65968204,-0.43598405,-0.58136326,-0.1635816
0,-0.65968204,-0.65968204,-0.65968204,-0.65968204,-0.65968204,-0.65968204,-0.65968204,-0.65968204,-0.65968204,-0.65968204,-0.65968204,-0.52647895,-0.65968204,-0.31514063,0.90442944,0.28393674,0.32799104,-0.36690447,-0.34022713,-0.51779044,-0.65968204,-0.65968204,-0.65968204,-0.65968204
0,-0.65968204,-0.65968204,-0.65968204,-0.65968204,-0.65968204,-0.65968204,-0.65968204,-0.65968204,-0.3325788,-0.23596527,-0.65968204,-0.6358193,-0.13243766,-0.65968204,0.14975461,-0.5098362,-0.022607846,-0.65968204,-0.4522597,-0.65968204,-0.65968204,-0.38501567,-0.65968204,-0.65968204
0,-0.39878267,-0.50696045,-0.65968204,-0.65968204,-0.65968204,-0.5726748,-0.43635118,-0.65968204,0.06066708,0.22048633,0.21271563,1.5980399,1.8666487,2.709004,3.2282329,2.2502272,3.6318805,3.148996,3.007839,1.5388114,-0.120445065,0.16951783,-0.15844195,-0.65968204
1,-0.65968204,-0.58252585,-0.65968204,-0.65968204,-0.65968204,-0.65968204,-0.65968204,-0.65968204,-0.46804583,-0.5404295,-0.5355957,0.32248428,1.7957947,1.2519689,1.9308947,2.7272985,0.9877655,0.25426123,-0.2012113,0.026035525,0.7867065,-0.5664337,-0.65968204,-0.65968204
1,-0.4534834,-0.65968204,-0.65968204,-0.65968204,-0.65968204,-0.65968204,-0.65968204,-0.65968204,-0.5950079,-0.21093999,-0.054424826,0.7060627,1.2023467,2.4350717,3.0916643,2.2780058,2.6951756,1.4549857,2.2699292,1.3177444,0.837063,-0.17789926,-0.65968204,-0.29684588
0,-0.65968204,-0.65968204,-0.65968204,-0.65968204,-0.65968204,-0.65968204,-0.65968204,-0.65968204,-0.5398176,-0.58735955,-0.65968204,-0.43194574,-0.16345924,-0.2002935,0.46364155,-0.45213732,-0.65968204,-0.07651317,-0.10270101,-0.040657856,-0.65968204,-0.6087136,-0.65968204,-0.65968204
0,-0.65968204,-0.65968204,-0.65968204,-0.65968204,-0.65968204,-0.65968204,-0.65968204,-0.65968204,-0.65968204,-0.65968204,-0.65968204,0.17404567,-0.65968204,0.0049872943,-0.30247504,0.65227973,-0.0799396,0.5299677,0.2922581,-0.13580294,0.24324773,-0.54514086,-0.55413526,-0.26001158
0,-0.65968204,-0.65968204,-0.65968204,-0.65968204,-0.65968204,-0.65968204,-0.65968204,-0.65968204,-0.65968204,-0.449078,-0.65968204,-0.042799376,-0.1317646,-0.15342465,-0.65968204,-0.090830795,-0.10680049,-0.608836,-0.028298149,0.028727701,-0.2635604,-0.35197493,-0.65968204,-0.65968204
1,-0.65968204,-0.5560932,-0.65968204,-0.65968204,-0.65968204,-0.65968204,-0.65968204,-0.6021667,-0.65968204,-0.35674748,0.5699838,1.5013653,1.3163983,2.6059656,2.5179183,4.269383,2.9439602,2.0025442,2.7558117,0.5973954,-0.037965633,-0.65968204,-0.65968204,-0.65968204
0,-0.65968204,-0.65968204,-0.65968204,-0.65968204,-0.65968204,-0.65968204,-0.65968204,-0.60498124,-0.65968204,0.058158457,-0.65080994,-0.14455257,0.027932247,-0.30902198,0.41095993,-0.3243798,0.24991705,0.5917662,-0.258176,-0.49735412,-0.20084415,-0.49918973,-0.65968204,-0.54734355
1,-0.65968204,-0.49460074,-0.65968204,-0.65968204,-0.4022091,-0.65968204,-0.65968204,-0.65968204,-0.096582346,-0.5141804,-0.11224609,0.38110098,1.9465585,0.09211696,0.40251625,0.27426925,0.21614204,0.80922323,-0.22079103,-0.564537,-0.4707992,-0.1312751,-0.32040268,-0.65968204
0,-0.65968204,-0.65968204,-0.65968204,-0.65968204,-0.65968204,-0.65968204,-0.4980884,-0.65968204,-0.65968204,-0.5458139,-0.65968204,0.083856784,-0.2176093,-0.65968204,0.02628023,0.05369177,0.025913127,-0.65968204,-0.319852,0.07822759,-0.65968204,-0.50677687,-0.65968204,-0.65968204
0,-0.65968204,-0.65968204,-0.65968204,-0.65968204,-0.65968204,-0.65968204,-0.65968204,-0.65968204,-0.581608,-0.5670456,-0.29427603,-0.65968204,0.48805502,-0.65968204,-0.65968204,-0.65968204,0.21589735,-0.1886069,-0.32609302,-0.65968204,-0.65968204,-0.65968204,-0.65968204,-0.65968204
1,-0.65968204,-0.65968204,-0.65968204,-0.3601739,-0.65968204,-0.4724512,-0.65968204,-0.35693103,0.67712134,1.2545999,1.0659006,1.2238843,3.2571132,2.4285247,2.9423082,3.4712048,3.5885606,3.2345965,2.6695385,1.9501072,0.52464455,1.4455632,0.0027234224,-0.051855
0,-0.65968204,-0.55150425,-0.65968204,-0.65968204,-0.65968204,-0.5537681,-0.65968204,-0.65968204,-0.5710839,-0.46884122,-0.65968204,0.3130615,0.4353734,1.0341448,-0.27922413,-0.10190555,-0.1472448,-0.5146088,-0.21467237,-0.11200134,-0.65968204,-0.65968204,-0.40441182,-0.65968204
1,-0.65968204,-0.65968204,-0.65968204,-0.65968204,-0.65968204,-0.65968204,-0.65796876,-0.40239266,-0.20953268,-0.04989699,0.11316509,-0.5402459,1.4117881,1.6977129,1.2557625,2.4348269,2.5962982,0.50977623,0.73451436,-0.3175881,-0.17012855,-0.65968204,-0.65968204,-0.65968204
0,-0.65968204,-0.65968204,-0.34708002,-0.65968204,-0.5466705,-0.65968204,-0.65968204,-0.65968204,-0.60785705,-0.3703309,0.08979189,-0.0686201,0.2162032,0.3759001,0.22018038,0.10288579,0.3234632,0.15679112,-0.3716158,-0.16315329,0.031236324,-0.38550514,-0.03203053,-0.65968204
1,-0.65968204,-0.65968204,-0.65968204,-0.65968204,-0.65968204,-0.65968204,-0.65968204,-0.5314351,-0.1368431,-0.5950079,0.050571293,1.2054061,1.7891865,0.90963036,2.6561997,1.0433841,0.5395741,0.55462587,0.8975765,-0.00810662,0.26166484,-0.20023234,-0.65968204,-0.41744453
0,-0.65968204,-0.65968204,-0.65968204,-0.65968204,-0.65968204,-0.65968204,-0.65968204,-0.65968204,-0.65968204,-0.65968204,-0.3725948,-0.6125684,1.1954325,-0.12772627,-0.49092957,-0.07137348,-0.25591204,0.05479313,-0.47673428,-0.65968204,-0.65968204,-0.65968204,-0.65968204,-0.65968204
0,-0.65968204,-0.65968204,-0.65968204,-0.65968204,-0.65968204,-0.65968204,-0.65968204,-0.65968204,-0.65968204,-0.65968204,-0.65968204,-0.65968204,0.02940071,-0.65968204,0.89145786,-0.58943987,-0.22287135,0.6035752,1.4256775,-0.437269,0.5609893,0.5504653,-0.65968204,-0.65968204
0,-0.65968204,-0.65968204,-0.65968204,-0.65968204,-0.65968204,-0.65968204,-0.65968204,-0.65968204,-0.65968204,-0.6456703,-0.24557154,0.5039023,-0.41328382,-0.65968204,-0.06880365,-0.2122861,-0.65968204,-0.27824512,-0.15636158,-0.4577053,-0.65968204,-0.31000096,-0.65968204,-0.6246833
